OPIS Truckstop ID,Truckstop Name,Address,City,State,Rack ID,Retail Price
7,WOODSHED OF BIG CABIN,"I-44, EXIT 283 & US-69",Big Cabin,OK,307,3.00733333
9,KWIK TRIP #796,"I-94, EXIT 143 & US-12 & SR-21",Tomah,WI,420,3.28733333
20,PILOT TRAVEL CENTER #1243,"I-8, EXIT 119 & SR-85",Gila Bend,AZ,930,3.899
20,PILOT #1243,"I-8, EXIT 119 & SR-85",Gila Bend,AZ,930,3.899
28,LITTLEFIELD EXPRESS #2,"I-540, EXIT 12 & US-71",Fort Smith,AR,645,3.399
35,ACI TRUCK STOP,US-46,Columbia,NJ,90,3.079
36,SHENANDOAH TRUCK CENTER,"I-81, EXIT 273 & SR-703/SR-292",Mount Jackson,VA,60,2.899
44,CIRCLE K #2612042,"I-35,  EXIT 271",Jarrell,TX,595,2.919
46,PETRO STOPPING CENTER #348,"I-85,  EXIT 22 & CR-138",Shorter,AL,720,3.154
49,TA SEYMOUR TRAVEL CENTER,"I-65, EXIT 50 & US-50 & US-31",Seymour,IN,415,3.959
50,TA COUNCIL BLUFFS TRAVEL CENTER,"I-29 & I-80, EXIT 3",Council Bluffs,IA,319,3.72566666
56,TOPS TRUCK STOP,"I-94, EXIT 182 & US-83",Sterling,ND,390,3.51566666
75,Good 2 Go #709,US-50,Montrose,CO,810,3.424
77,OASIS TRAVEL PLAZA,US-13,Laurel,DE,243,3.229
79,DELAWARE TRUCK PLAZA,US-13 & US-40,New Castle                              ,DE,243,3.249
81,One9 #89,"I-75, EXIT 224",Ellenton,FL,225,3.439
85,DOWNIEVILLE FUEL STOP,"I-70, EXIT 234",Dumont,CO,800,3.459
91,MOLLYS FOOD & FUEL,"I-20 & ST 22, EXIT 55",Crawfordville                           ,GA,135,3.499
105,TA SAGINAW I 75 TRAVEL CENTER,"I-75, EXIT 144-B",Bridgeport,MI,260,3.269
105,TA SAGINAW I 75 TRAVEL CENTER,"I-75, EXIT 144-B",Bridgeport,MI,260,3.339
105,TA SAGINAW I 75 TRAVEL CENTER,"I-75, EXIT 144-B",Bridgeport,MI,260,3.429
105,TA SAGINAW I 75 TRAVEL CENTER,"I-75, EXIT 144-B",Bridgeport,MI,260,3.289
105,TA SAGINAW I 75 TRAVEL CENTER,"I-75, EXIT 144-B",Bridgeport,MI,260,3.399
105,TA SAGINAW I 75 TRAVEL CENTER,"I-75, EXIT 144-B",Bridgeport,MI,260,3.299
118,Lupton Truck Stop #567,"I-40, EXIT 359",Lupton,AZ,580,3.299
121,PETRO STOPPING CENTER #306,"I-10, EXIT 200",Eloy,AZ,930,3.474
127,CIRCLE K #4700095,US-41,Henderson,KY,340,3.609
128,THE EFFINGHAM CHROME SHOP,"I-57 & I-70, EXIT 159",Effingham                               ,IL,510,3.399
128,THE EFFINGHAM CHROME SHOP,"I-57 & I-70, EXIT 159",Effingham                               ,IL,510,3.349
128,THE EFFINGHAM CHROME SHOP,"I-57 & I-70, EXIT 159",Effingham                               ,IL,510,3.549
135,LOVES TRAVEL STOP #766,"I-80, EXIT 27",Atkinson,IL,290,3.589
135,LOVES TRAVEL STOP #766,"I-80, EXIT 27",Atkinson,IL,290,3.389
135,LOVES TRAVEL STOP #766,"I-80, EXIT 27",Atkinson,IL,290,3.449
147,SPEEDWAY #8039,"I-69, EXIT 234 & SR-67",Daleville,IN,375,3.624
149,RAYS TRUCK WASH,"I-69, EXIT 309 & US-30",Fort Wayne                              ,IN,370,3.59233333
151,CUBBYS #2101,"I-80, EXIT 211 & SR-47",Gothenburg,NE,475,3.13233333
159,PILOT TRAVEL CENTER #87,"I-10, EXIT 343",Jacksonville,FL,75,3.859
159,PILOT TRAVEL CENTERS #87,"I-10, EXIT 343",Jacksonville,FL,75,3.859
160,PILOT TRAVEL CENTERS #79,"I-12, EXIT 10 AT MILE 10",Denham Springs                          ,LA,600,3.23233333
164,FLYING J TRAVEL PLAZA #650,"I-94, EXIT 15 B",Lake Station                            ,IN,365,3.809
167,FLYING J TRAVEL PLAZA #653,RT 2 & I-65 EXIT 240,Hebron,IN,365,3.43566666
174,Hop-In Food Stores,US-59 & SR-224,Nacogdoches                             ,TX,618,2.859
184,SAPP BROS TRAVEL CENTER,"I-29 & I-80, EXIT 1B",Council Bluffs,IA,486,3.719
186,COFFEE CUP FUEL STOP #5,"I-90, EXIT 154 & US-16",Moorcroft                               ,WY,822,3.239
187,DUDLEYS CORNER,"I-35, EXIT 165 & SR-3",Latimer,IA,433,3.23233333
191,KUM & GO #0302,"I-35, EXIT 193 & SR 106",Clear Lake,IA,433,3.18566666
192,Brew Stuart Truckstop,"I-80, EXIT 93",Stuart                                  ,IA,320,3.099
195,PETRO STOPPING CENTER #311,"I-40 & I-55, EXIT 280",West Memphis,AR,435,3.36733333
198,SINCLAIR,"I-76, EXIT 115",Atwood,CO,800,3.299
199,PETRO STOPPING CENTER #366,"I-70, EXIT 252",Salina,KS,523,3.80566666
203,PILOT TRAVEL CENTER #31,"I-80/94, EXIT 2",Highland,IN,365,3.829
203,PILOT TRAVEL CENTERS #31,"I-80/94, EXIT 2",Highland,IN,365,3.799
207,MARATHON,SR-32,Sardinia                                ,OH,300,3.56566666
216,CIRCLE K #2721593,"I-10, EXIT 50",Ocean Springs,MS,715,3.41566666
217,NORTH 9TH 24/7,"I-70, EXIT 252",Salina,KS,523,3.02566666
231,DERBY CITYS TRUCK PLAZA,"I-75, EXIT 62 & US-25",Mount Vernon,KY,410,2.999
235,PILOT TRAVEL CENTERS #92,"I-75, EXIT 358",Ocala,FL,225,3.359
235,PILOT TRAVEL CENTER #92,"I-75, EXIT 358",Ocala,FL,225,3.41233333
240,LA 1 SOUTH TRUCKSTOP,"I-10, EXIT 153 & SR-1",Port Allen,LA,600,3.039
243,SAVE,US-41 & SR-10,Lake Village,IN,399,3.179
244,BIG D TRUCK TRAVEL PLAZA,"I-10, EXIT 92 & SR-95",Duson,LA,725,2.98233333
248,Mardi Gras Truck Stop,"I-10, EXIT 236",New Orleans,LA,725,3.729
250,GOLDEN OX TRUCK STOP,"I-70/US-40, EXIT 159 & US-183",Hays,KS,523,3.499
253,LOVES TRAVEL STOP #450,"I-40, EXIT 280 & I-55, EXIT 4",West Memphis,AR,435,3.32566666
256,BFS FOODS #66,"I-68/US-40, EXIT 22 & US-219",Grantsville                             ,MD,165,3.899
257,PILOT TRAVEL CENTER #917- TOWN PUMP,I-15 & 31ST STREET EXIT 277,Great Falls                             ,MT,815,3.63566666
263,CASEYS #3956,I-94 EXIT 16,Bridgman,MI,465,3.559
267,CORNER MARKET #117,SR-154 & SR-129,Dodge City,KS,357,3.399
269,PILOT TRAVEL CENTERS #24,"I-75, EXIT 15",Monroe                                  ,MI,325,3.299
269,PILOT TRAVEL CENTERS #24,"I-75, EXIT 15",Monroe                                  ,MI,325,3.249
269,PILOT TRAVEL CENTERS #24,"I-75, EXIT 15",Monroe                                  ,MI,325,3.439
269,PILOT TRAVEL CENTERS #24,"I-75, EXIT 15",Monroe                                  ,MI,325,3.349
269,PILOT TRAVEL CENTERS #24,"I-75, EXIT 15",Monroe                                  ,MI,325,3.559
278,CARLISLE PLAZA,US-41,Carlisle,IN,510,3.499
281,CIRCLE K #4700065,"I-65, EXIT 76 & US-31",Taylorsville,IN,375,3.399
289,LOVES TRAVEL STOP #173,"I-70, MM 209",Lawrence,KS,553,3.229
292,PETES #56,US-169 & CR-5000,Cherryvale,KS,307,3.23233333
293,LOVES TRAVEL STOP #176,"I-35, MILE MARKER 97",Matfield Green,KS,336,3.25566666
304,FL Roberts,"I-91, EXIT 4",Springfield,MA,100,3.599
309,QUIKTRIP #231,"I-635, EXIT 3",Kansas City,KS,400,3.199
323,SAPP BROS TRAVEL CENTER,"I-80, EXIT 126",Ogallala,NE,475,3.46566666
326,FLYING J TRAVEL PLAZA #748,"I-15, EXIT 357",Willard                                 ,UT,835,3.749
341,TA JACKSONVILLE SOUTH TRAVEL CENTER,"I-95, EXIT 329",Saint Johns,FL,75,3.469
347,7-ELEVEN #40514,I-90/80-IN TOLL RD MM 22E,Portage,IN,365,3.99066666
358,TA BINGHAMTON TRAVELCENTER,"I-81N, EXIT 2W & I-81S, EXIT 3",Binghamton,NY,32,3.769
358,TA BINGHAMTON TRAVELCENTER,"I-81N, EXIT 2W & I-81S, EXIT 3",Binghamton,NY,32,3.689
358,TA BINGHAMTON TRAVELCENTER,"I-81N, EXIT 2W & I-81S, EXIT 3",Binghamton,NY,32,3.699
358,TA BINGHAMTON TRAVELCENTER,"I-81N, EXIT 2W & I-81S, EXIT 3",Binghamton,NY,32,3.739
361,CIRCLE K #2726293,"I-295, EXIT 25",Jacksonville,FL,75,3.31566666
368,WILTON TRAVEL PLAZA,"I-87, EXIT 16",Gansevoort                              ,NY,12,3.749
368,WILTON TRAVEL PLAZA,"I-87, EXIT 16",Gansevoort                              ,NY,12,3.799
372,GAS DEPOT,"I-94, EXIT 5",Hammond,IN,365,3.999
381,7-Eleven #41830,US-69 & US-135,Jacksonville,TX,630,2.91566666
387,Circle K #2709664,"I-8, EXIT 12",Yuma,AZ,930,3.489
388,Pilot Travel Centers #14,"I-71, EXIT 131",Sunbury,OH,315,3.719
391,PILOT TRAVEL CENTERS #13,"I-71, EXIT 209",Seville,OH,305,3.699
403,TRUCKOMAT OF HEBRON,"I-70, EXIT 126 & SR-37",Hebron,OH,315,3.429
407,FUEL MART #641,"I-80 & I-280, EXIT 71",Perrysburg                              ,OH,550,3.499
421,PETRO STOPPING CENTER #316,"I-40 & I-35, EXIT 127",Oklahoma City,OK,483,3.30233333
424,E EXPRESS,"I-40, EXIT 166",Choctaw,OK,483,2.899
425,Neighbors Express,"I-16, EXIT 51",Dublin                                  ,GA,85,3.299
442,WESTERN COOP,US-385 & SR-2,Alliance,NE,795,3.324
455,MR FUEL #753,"I-95, EXIT 104 & SR-207",Ruther Glen,VA,180,3.26566666
456,THE COUNTRY OASIS,US-24,Woodburn                                ,IN,370,3.399
458,HAPPY HILLS GAS & COFFEE,I-29 EXIT 110,Rock Port,MO,400,3.399
460,TRUCK STOP 44,I-20 EXIT 44,Gilbert,SC,135,3.079
461,SPINX #271,"I-26, EXIT 145 & US-601",Orangeburg,SC,42,3.26233333
469,LOAF N JUG #750010,US-160 & SR-17,Alamosa,CO,803,3.259
474,KEWANEE 1 STOP,"I-20, EXIT 169 & US-80",Toomsuba,MS,705,3.299
478,GASTRAK OF PEMBINA,"I-29, EXIT 215",Pembina                                 ,ND,355,3.299
483,ALLSUPS #2387,US-54/SR-136/SR-3 & US-64,Guymon,OK,585,2.97566666
486,LA NORIA CONV STORES,"I-35 N, EXIT 4",Laredo                                  ,TX,693,3.299
489,EDDIES CORNER,US-87 & US-191,Moore,MT,815,3.749
491,One9 #403,"I-75, EXIT 117",Heiskell,TN,405,2.999
496,PILOT TRAVEL CENTERS #270,"I-40 & I-75, EXIT 374",Knoxville,TN,405,3.439
509,LOVES TRAVEL STOPS #256,"I-10, EXIT 140B",Van Horn,TX,640,3.649
509,LOVES TRAVEL STOP #256,"I-10, EXIT 140B",Van Horn,TX,640,3.649
522,GO MART FOOD STORE #57,"I-70 & ST-285, EXIT 186",Lore City                               ,OH,430,3.179
523,CIRCLE K #2723322,"I-985, EXIT 20 & SR-60",Gainesville,GA,18,3.26566666
525,FASTBREAK,US-45 ALT,West Point,MS,705,3.059
546,PLAZA 30,US-30,Wanatah,IN,365,3.499
557,SAPP BROS TRAVEL CENTER,"I-80, EXIT 73",Peru,IL,290,3.389
557,SAPP BROS TRAVEL CENTER,"I-80, EXIT 73",Peru,IL,290,3.589
557,SAPP BROS TRAVEL CENTER,"I-80, EXIT 73",Peru,IL,290,3.449
557,SAPP BROS TRAVEL CENTER,"I-80, EXIT 73",Peru,IL,290,3.289
559,SHELL MORGAN ROAD TRUCK STOP,"I-40, EXIT 142",Maumelle,AR,695,3.20733333
566,TA GARY TRAVEL CENTER,"I-80/I-94, EXIT 6",Gary,IN,365,3.83066666
567,TA ELOY TRAVEL CENTER,"I-10 & I-8, EXIT 203",Eloy,AZ,930,3.459
572,PILOT TRAVEL CENTER #881,"I-69, EXIT 309A",Fort Wayne                              ,IN,370,3.899
572,PILOT TRAVEL CENTERS #881,"I-69, EXIT 309A",Fort Wayne                              ,IN,370,3.879
576,PETRO STOPPING CENTER #343,"I-10, EXIT 76",Egan,LA,600,3.624
578,LOVES TRAVEL STOP #449,"I-84, EXIT 17",Troutdale,OR,935,3.779
579,FLYING J TRAVEL PLAZA #764,"I-80, EXIT 104 & US-191",Rock Springs,WY,835,3.67066666
586,AMERISTAR TRAVEL PLAZA #120,"I-82, EXIT 80",Prosser,WA,925,4.399
586,AMERISTAR TRAVEL PLAZA #120,"I-82, EXIT 80",Prosser,WA,925,4.559
588,TA TUSCALOOSA TRAVEL CENTER,"I-20/I-59, EXIT 77",Cottondale,AL,615,2.964
591,TA Concordia Travel Plaza,"I-70, EXIT 58 & SR-23",Concordia,MO,400,3.22566666
599,Sapp Bros Travel Center,"I-80, EXIT 59 & SR-17J",Sidney,NE,475,3.50066666
602,JIFFY MART EXIT 18 TRUCK STOP,"I-89/SR-120, EXIT 18 & SR-120",Lebanon,NH,12,3.599
614,TA MAYBROOK TRAVEL CENTER,"I-84, EXIT 5",Montgomery,NY,120,4.359
628,KWIK FILL #227,"I-90,  EXIT 218",Geneva,OH,305,3.15233333
629,FLYING J #850,TCH-16,Edmonton,AB,80,4.39948962
629,FLYING J #850,TCH-16,Edmonton,AB,80,4.39625375
629,FLYING J #850,TCH-16,Edmonton,AB,80,4.40695023
629,FLYING J #850,TCH-16,Edmonton,AB,80,4.40630048
629,FLYING J #850,TCH-16,Edmonton,AB,80,4.39722401
629,FLYING J #850,TCH-16,Edmonton,AB,80,4.3981947
636,UNION 76,"I-5, EXIT 233 E",Albany,OR,935,3.379
651,ONE9 #1366,"I-40, EXIT 126 & US-641",Holladay,TN,460,2.98566666
652,TA KNOXVILLE EAST TRAVEL CENTER,"I-40 & I-75, EXIT 374",Knoxville,TN,405,3.42566666
659,FLYING J #869,HWY 2 SOUTH,Nanton,AB,50,4.39948962
659,FLYING J #869,HWY 2 SOUTH,Nanton,AB,50,4.59317483
659,FLYING J #869,HWY 2 SOUTH,Nanton,AB,50,4.59114784
659,FLYING J #869,HWY 2 SOUTH,Nanton,AB,50,4.60163996
659,FLYING J #869,HWY 2 SOUTH,Nanton,AB,50,4.59216111
659,FLYING J #869,HWY 2 SOUTH,Nanton,AB,50,4.60231851
669,PETRO STOPPING CENTER #350,"I-10,  EXIT 4",Canutillo,TX,640,3.499
672,CROWN POINT TRUCK STOP,"I-295/US-130,EXIT 22",Thorofare,NJ,150,3.549
680,TA EXPRESS SUMMIT,"I-29, EXIT 207 & US-12",Summit,SD,566,3.20566666
684,7-ELEVEN #35101,"I-86/SR-17, EXIT 16",Randolph,NY,38,4.499
689,FLYING EAGLE,"I-235, EXIT 4",Wichita,KS,570,3.499
692,BP,US-63,Ottumwa,IA,489,3.399
739,Arco #364420,US-23,Greenup,KY,255,3.649
748,QUIKTRIP #4231,US-85,Evans,CO,800,3.17233333
769,AYERCO #26,US-61/US-136,Alexandria,MO,345,3.01566666
815,Kwik Trip #1508,"US-18/SR-151, EXIT 58",Barneveld,WI,420,3.489
855,SPEEDWAY #7459,US-41 & SR-137,North Chicago,IL,293,3.379
855,SPEEDWAY #7459,US-41 & SR-137,North Chicago,IL,293,3.499
855,SPEEDWAY #7459,US-41 & SR-137,North Chicago,IL,293,3.289
863,Ocean Fuel,US-301/SR-73,Sylvania,GA,195,3.499
906,PILOT TRAVEL CENTERS #429,"I-40, EXIT 280",West Memphis,AR,435,3.499
906,PILOT TRAVEL CENTER #429,"I-40, EXIT 280",West Memphis,AR,435,3.291
908,CIRCLE K #2704888,"I-65, EXIT 246 & SR-119",Pelham,AL,615,3.46566666
912,PETRO STOPPING CENTER #319,"I-20/59,  EXIT 100",Mc Calla,AL,615,3.12566666
936,CASEYS #4254,"I-40, EXIT 129",Conway,AR,695,3.03233333
970,CIRCLE K #2702885,"I-17/SR-60, EXIT 199A",Phoenix,AZ,930,3.39233333
977,PILOT TRAVEL CENTER #328,"I-10, EXIT 17",Quartzsite,AZ,930,3.959
977,PILOT TRAVEL CENTERS #328,"I-10, EXIT 17",Quartzsite,AZ,930,3.959
981,STINKER #85,"I-15, EXIT 93",Blackfoot,ID,825,3.53233333
982,CIRCLE K #2701948,"I-8, EXIT 7 & SR-195",Yuma,AZ,900,3.56566666
1028,FOUR STATES TRUCK STOP,"I-495, EXIT 4 & SR-9",New Castle,DE,243,3.449
1028,FOUR STATES TRUCK STOP,"I-495, EXIT 4 & SR-9",New Castle,DE,243,3.399
1042,Union 76,US-441 & SR-100A,Lake City,FL,75,3.56233333
1043,ONE9 #1401,I-75 EXIT 414  & US-41,Lake City,FL,75,3.259
1043,SHELL DBA ONE9 #1401,I-75 EXIT 414  & US-41,Lake City,FL,75,3.244
1047,TA MARIANNA TRAVEL CENTER,"I-10/SR-8, EXIT 142 & SR-71",Marianna,FL,20,3.60733333
1075,PILOT TRAVEL CENTER #68,"I-16 /SR-404, EXIT 51 & US-441",Dublin,GA,85,3.43233333
1075,PILOT TRAVEL CENTERS #68,"I-16 /SR-404, EXIT 51 & US-441",Dublin,GA,85,3.399
1106,CIRCLE K #2705367,"I-20, EXIT 172",Thomson,GA,16,3.399
1112,BC AMPRIDE TRUCK PLAZA,US-59/SR-141,Denison,IA,527,3.399
1115,KWIK STAR #704,SR-57/SR-14,Parkersburg,IA,565,3.58233333
1121,TRAVELERS OASIS,"I-84, EXIT 182",Eden,ID,787,3.799
1128,TA CHICAGO NORTH TRAVEL CENTER,"I-94/US-41, EXIT 1",Wadsworth,IL,444,3.819
1128,TA CHICAGO NORTH TRAVEL CENTER,"I-94/US-41, EXIT 1",Wadsworth,IL,444,3.879
1128,TA CHICAGO NORTH TRAVEL CENTER,"I-94/US-41, EXIT 1",Wadsworth,IL,444,3.779
1128,TA CHICAGO NORTH TRAVEL CENTER,"I-94/US-41, EXIT 1",Wadsworth,IL,444,3.769
1132,SPEEDWAY #7423,"I-57, EXIT 83",Ina,IL,293,3.249
1136,PILOT TRAVEL CENTER #171,"I-74, EXIT 206",Oakwood,IL,280,3.399
1136,PILOT TRAVEL CENTER #171,"I-74, EXIT 206",Oakwood,IL,280,3.499
1136,PILOT TRAVEL CENTER #171,"I-74, EXIT 206",Oakwood,IL,280,3.599
1140,CIRCLE K #4701398,"I-55, EXIT 82 & SR-104",Divernon,IL,280,3.499
1149,PILOT TRAVEL CENTER #30,"I-70, EXIT 96",Greenfield,IN,375,3.959
1149,PILOT TRAVEL CENTERS #30,"I-70, EXIT 96",Greenfield,IN,375,3.959
1151,SPEEDWAY #8061,"I-70, EXIT 115 & SR-109",Knightstown,IN,375,3.759
1154,CIRCLE K #2704691,SR-71 & CR-214,Cedar Creek,TX,595,3.199
1156,CIRCLE K #4700028,"I-74/US-421, EXIT 116 & SR-44",Shelbyville,IN,375,3.599
1157,One9 #297,"I-70, EXIT 11 & SR-46",Terre Haute                             ,IN,510,3.43566666
1158,PILOT TRAVEL CENTERS #36,US-30  & SR-49,Valparaiso,IN,365,3.869
1158,PILOT TRAVEL CENTER #36,US-30  & SR-49,Valparaiso,IN,365,3.859
1163,SHORT STOP #13,US-54,Emporia,KS,553,2.839
1176,PILOT TRAVEL CENTERS #353,"I-75, EXIT 129",Georgetown,KY,410,3.20566666
1179,PILOT TRAVEL CENTERS #399,"I-65, EXIT 105",Lebanon Junction,KY,415,3.609
1196,SOUTHERN BELLE TRUCK STOP,US-61 & SR-964,Saint Francisville,LA,725,3.384
1199,ALLTOWN MARKETS #306,"I-190, EXIT 7",Leominster,MA,178,3.68233333
1202,ONE9 #290,"I-95, EXIT 93 & SR-222",Perryville,MD,22,3.599
1204,PETRO STOPPING CENTER #321,"I-70 & I-57, EXIT 159",Effingham,IL,574,3.549
1204,PETRO STOPPING CENTER #321,"I-70 & I-57, EXIT 159",Effingham,IL,574,3.349
1204,PETRO STOPPING CENTER #321,"I-70 & I-57, EXIT 159",Effingham,IL,574,3.439
1204,PETRO STOPPING CENTER #321,"I-70 & I-57, EXIT 159",Effingham,IL,574,3.399
1208,D AVENUE FUEL PLAZA,US-131,Kalamazoo,MI,465,3.499
1208,D AVENUE FUEL PLAZA,US-131,Kalamazoo,MI,465,3.099
1210,ROADHAWK TRAVEL CENTER,"I-94, EXIT 56 & SR-51",Paw Paw                                 ,MI,465,3.599
1210,ROADHAWK TRAVEL CENTER,"I-94, EXIT 56 & SR-51",Paw Paw                                 ,MI,465,3.559
1217,KWIK TRIP #250,"I-90, EXIT 179",Austin,MN,515,3.374
1218,CASEYS #3658,SR-210,Pillager,MN,522,3.299
1225,AYERCO #35,US-61 & US-61 BUS,Bowling Green,MO,494,3.01566666
1234,Lamar Travel Plaza,US-71 & US-160,Lamar,MO,416,3.199
1236,AYERCO #44,US-36 & US-24,Palmyra,MO,494,3.01566666
1240,TEMP STOP #103,US-65,Sedalia,MO,400,3.199
1247,SNAPPY MART #11,US-63 & SR-14,West Plains,MO,535,3.299
1251,MAPCO #3009,US-72,Corinth,MS,435,3.154
1256,DOUBLE QUICK #89,US-82/US-278,Greenville,MS,655,3.25566666
1265,JOE JOES TRAVEL CENTER,US-78 & RED BANKS RD S,Red Banks,MS,435,2.97233333
1304,LOVES TRAVEL STOP #667,"I-85, EXIT 152",Mebane,NC,65,3.94733333
1315,CIRCLE K #2720218,US-421 BUS & US-15/US-501/US-1,Sanford,NC,177,3.08233333
1325,SCOTCHMAN #3303,US-421 & US-74,Wilmington,NC,245,3.629
1326,SPEEDWAY #7949,US-301/US-264 ALT & CR-1674,Wilson,NC,205,3.199
1333,PUMP & PANTRY #15,US-30,Grand Island,NE,330,3.30733333
1340,BORDENTOWN VALERO,"NJ TNPK, EXIT 7 & US-206",Bordentown,NJ,230,3.499
1342,Delta,"I-80, EXIT 47B",Fairfield,NJ,115,3.20233333
1344,BOLLA TRUCK STOP #193,US-202 & SR-17,Mahwah,NJ,115,3.53233333
1348,GLOBAL,SR-73,Palmyra,NJ,150,3.359
1356,LOVES TRAVEL STOP #257,"I-40 & HORIZON, EXIT 79",Milan,NM,580,3.59066666
1364,7- ELEVEN #40507,"I-80/I-90, MM 56 WB",Rolling Prairie,IN,465,3.98233333
1372,PILOT TRAVEL CENTER #469,"I-77, EXIT 101 & SR-627",Canton,OH,249,3.62233333
1376,FUEL MART #782,"I-75, EXIT 118",Lima                                    ,OH,411,3.08566666
1379,TA LODI TRAVEL CENTER,"I-71, EXIT 209 & I-76/US-224, EXIT 1",Seville,OH,305,3.739
1384,SUNOCO,"I-80/I-90, EXIT 13 & US-20ALT/SR-15",Montpelier,OH,550,3.41566666
1391,ONCUE EXPRESS #2045,"I-35, EXIT 203 & SR-15",Billings,OK,500,3.21566666
1395,DOMINO FOOD AND FUEL #1,"I-40, EXIT 66",Clinton                                 ,OK,483,3.099
1404,ONE9 #339,"I-74, EXIT 4 & SR-63",Covington,IN,375,3.26233333
1414,SAC SHOP #507,"I-70, EXIT 12/161",Breezewood                              ,PA,14,4.099
1424,GETTYSBURG TRAVEL PLAZA,US-15 & SR-394,Gettysburg,PA,70,3.899
1428,CIRCLE K #4702408,"I-65, EXIT 168 & SR-38/SR-25",Lafayette,IN,375,3.43233333
1432,KWIK FILL #259,"I-81, EXIT 57",Mechanicsburg                           ,PA,70,4.049
1444,PILOT TRAVEL CENTERS #346,"I-20, EXIT 92 & US-601",Lugoff,SC,135,3.43233333
1445,PILOT TRAVEL CENTERS #402,"I-80, EXIT 367",Cheyenne,WY,795,3.709
1447,HOT SPOT #3005,US-221,Chesnee,SC,210,3.199
1453,EXPRESS STOP,US-278/SR-101/SR-6 & SR-113,Rockmart,GA,193,3.319
1455,PETRO FLORENCE,"I-95, EXIT 169",Florence,SC,46,3.32566666
1461,CIRCLE K #2705370,"I-26, EXIT 15 & US-176",Inman,SC,210,3.099
1464,CIRCLE K #2723254,"I-20, EXIT 55 & SR-6",Lexington,SC,135,3.199
1470,CIRCLE K #2705348,US-1,Beech Island,SC,135,3.159
1479,TA SPARTANBURG TRAVEL CENTER,"I-85, EXIT 63 & SR-290",Duncan,SC,210,3.43233333
1487,ROADRUNNER MARKET #6019,"I-81, EXIT 36 NORTH",Greeneville                             ,TN,405,3.499
1492,MAPCO #3538,"I-24, EXIT 174",Chattanooga,TN,285,2.899
1507,CIRCLE K #4703941,"I-55, EXIT 5A",Memphis,TN,435,3.189
1516,LOVES TRAVEL STOP #261,I-27 EXIT 116,Amarillo,TX,585,3.23233333
1531,CircleK #4702365,"I-74, EXIT 112 & SR-9",Shelbyville,IN,375,3.509
1533,YESWAY #1157,US-62,Brownfield,TX,700,2.99233333
1546,SHELL,"I-35, EXIT 86 & SR-85",Dilley,TX,740,3.099
1548,TOOT N TOTUM #107,US-287,Dumas,TX,585,3.03233333
1552,STRIPES #40911,US-59 & SR-16,Freer,TX,625,3.099
1555,SEIBERT TRAVEL PLAZA,"I-70, EXIT 405 & SR-59",Seibert,CO,800,3.499
1560,CATTREZ,US-20 & SR-5,Irving,NY,38,2.899
1560,CATTREZ,US-20 & SR-5,Irving,NY,38,2.999
1562,I MART #108,"I-40, EXIT 108",Wildersville                            ,TN,435,3.099
1567,KUM & GO #4110,"I-235, EXIT 11",Des Moines,IA,320,3.02733333
1579,FLYING J TRAVEL PLAZA #924- TOWN PUMP,"I-15, EXIT 122 & I-90 MM220",Butte                                   ,MT,816,3.56566666
1582,LOVES TRAVEL STOP #250,I-40 EXIT 60,Amarillo,TX,585,3.314
1585,Stripes 7Fleet #42498,US-385 & CR-1910,Andrews,TX,710,3.369
1590,ROAD RANGER #240,"I-80 & I-94, EXIT 15-A",Lake Station,IN,365,3.559
1596,FLYING J #305,"I-40, EXIT 39",Jamestown,NM,580,3.44233333
1597,7-ELEVEN #36156,"I-70 & SR-519, EXIT 25/333",Eighty Four,PA,165,4.999
1599,ONVO TRAVEL PLAZA,"I-81, EXIT 10",Mc Graw,NY,220,3.439
1599,ONVO TRAVEL PLAZA,"I-81, EXIT 10",Mc Graw,NY,220,3.459
1602,CIRCLE K #2723387,US-98,Beaumont,MS,620,3.56566666
1606,DONNAS TRAVEL PLAZA,"I-5, EXIT 202",Marysville,WA,962,4.559
1610,TA BALTIMORE TRAVEL CENTER,"I-95, EXIT 57",Baltimore                               ,MD,22,4.759
1618,GO MART FOOD STORE #33,US-33,Ripley                                  ,WV,44,3.499
1621,CIRCLE K #2709337,"I-65, EXIT 262B",Birmingham                              ,AL,615,3.489
1622,RACEWAY #6973,US-380 & SR-114/SR-101,Bridgeport,TX,630,2.78233333
1623,SAPP BROS TRAVEL CENTER,"I-70 & I-270, EXIT 278",Commerce City,CO,800,3.389
1625,PILOT TRAVEL CENTERS #60,"I-26, EXIT 159",Bowman                                  ,SC,42,3.43233333
1632,PILOT TRAVEL CENTERS #266,"I-10, EXIT 139 & SR-292",Las Cruces                              ,NM,640,3.19066666
1633,7-ELEVEN #36302,"I-35, EXIT 144",Von Ormy,TX,740,3.109
1634,PILOT TRAVEL CENTERS #40,"I-94, EXIT 322",Oak Creek,WI,444,3.889
1644,ALLSUPS CONVENIENCE STORE #2414,"I-20, EXIT 235",Roscoe,TX,575,2.929
1646,SPEEDWAY #8310,US-6  & US-31,Plymouth,IN,465,3.609
1647,SPEEDWAY #8305,US-41 & SR-312,Hammond,IN,290,3.76566666
1653,ROAD RANGER #187,"I-55, EXIT 289",Chicago,IL,520,3.569
1653,ROAD RANGER #187,"I-55, EXIT 289",Chicago,IL,520,3.599
1654,CEFCO #3,US-77/US190/SR-36,Cameron,TX,670,2.989
1661,CHEVRON,"I-20, EXIT 101 & SR-151",Calhoun,LA,590,3.159
1669,BETTY BEAVERS TRUCKSTOP,"I-90, EXIT 28",Fultonville,NY,12,3.149
1669,BETTY BEAVERS TRUCKSTOP,"I-90, EXIT 28",Fultonville,NY,12,3.189
1670,Petro Stopping Center #54,"I-44, EXIT 4 & SR-3",Joplin,MO,277,3.449
1671,LOVES TRAVEL STOP #412,"I-95, EXIT 77",Dunn,NC,205,3.699
1672,HANA TRAVEL PLAZA,"I-40,  EXIT 77",Amarillo,TX,585,2.899
1699,ALLENS FOOD MART280,US-280/US-231/SR-53/SR-38 & CR-8/CR-34,Sylacauga,AL,615,3.799
1700,TOPPS FUEL STOPS,US-259/SR-49,Daingerfield,TX,723,3.109
1720,TOOT N TOTUM #120,US-54 & S WESTERN AVE,Liberal,KS,585,3.01566666
1749,HIGHWAY 96 FUEL STOP,US-96 & SR-62/FM-1004,Buna                                    ,TX,610,3.149
1753,PWI #169,"I-35/US-77, EXIT 359 & CR-1304",Abbott,TX,765,2.899
1773,M-46 AUTO TRUCK PLAZA,"US-131, EXIT 120 & SR-46",Howard City,MI,344,3.199
1773,M-46 AUTO TRUCK PLAZA,"US-131, EXIT 120 & SR-46",Howard City,MI,344,3.599
1773,M-46 AUTO TRUCK PLAZA,"US-131, EXIT 120 & SR-46",Howard City,MI,344,3.099
1791,PILOT TRAVEL CENTERS #257,"I-20, EXIT 126 & FM-1788",Midland                                 ,TX,710,3.56566666
1807,LOVES TRAVEL STOP #229,I-40 EXIT 96 & SR-207,Panhandle,TX,585,3.314
1810,KENT KWIK #804,US-83,Perryton,TX,585,2.999
1829,PILOT TRAVEL CENTERS #96,"SR- 60 & FL TURNPIKE, EXIT 193",Okeechobee,FL,143,3.719
1829,PILOT TRAVEL CENTER #96,"SR- 60 & FL TURNPIKE, EXIT 193",Okeechobee,FL,143,3.699
1832,CORNER FUEL CENTER,US-49,Hattiesburg,MS,620,3.299
1834,PUMP N PANTRY #15,"I-20, EXIT 617 & US-59",Marshall,TX,766,2.899
1849,Stripes #42457,US-67/US-277,San Angelo,TX,740,3.244
1855,EXIT 76 AUTO TRUCK PLAZA,US-131,Byron Center,MI,344,3.499
1858,FLYING J TRAVEL PLAZA #737,"I-10, EXIT 583",San Antonio                             ,TX,740,3.224
1859,GO MART FOOD STORE #44,"I-79, EXIT 67 & US-19/SR-4",Sutton,WV,44,3.559
1860,MR FUEL #278,"I-75/71, EXIT 175 & SR-338",Walton,KY,300,3.019
1861,PETRO STOPPING CENTER #315,"I-40, EXIT 66",Kingman,AZ,910,3.899
1866,PRI MART FUEL CENTER,"I-94, EXIT 29",Benton Harbor                           ,MI,465,3.799
1866,PRI MART FUEL CENTER,"I-94, EXIT 29",Benton Harbor                           ,MI,465,3.499
1873,JDS TRUCKSTOP,"US-12 & US-31, EXIT 3",Niles,MI,465,3.749
1873,JDS TRUCKSTOP,"US-12 & US-31, EXIT 3",Niles,MI,465,3.849
1874,CIRCLE K #2744529,US-175,Seagoville,TX,630,2.95066666
1879,HOLIDAY STATIONSTORE #3552,"I-35, EXIT 81 & SR-70",Lakeville,MN,448,3.549
1888,STRIPES 7FLEET #42449,US-87,Sterling City,TX,710,3.28066666
1889,TOOT N TOTUM #105,US-54 & US-287,Stratford,TX,585,2.96566666
1893,MIKE MCDONALD TRUCK STOP,"I-20, EXIT 509",Terrell                                 ,TX,637,2.87066666
1894,CIRCLE K #2741544,"I-37 & SR-72, EXIT 69",Three Rivers,TX,747,3.06566666
1897,YESWAY #1077,"I-20/US-84, EXIT 278",Tye,TX,575,2.87566666
1905,LUCKY TRUCK STOP,US-82,Whitesboro                              ,TX,630,2.88566666
1909,RALLYSTOP #1,"I-15, EXIT 62",Cedar City,UT,791,3.459
1914,LOVES TRAVEL STOP #792,"I-70, EXIT 160",Green River,UT,835,3.709
1921,BELL TRUCK STOP,"I-80, EXIT 146",Park City,UT,835,3.45233333
1923,SCENIC QUIK STOP,"I-70, EXIT 54 & US-89",Salina,UT,835,3.459
1930,CASEYS #3058,"I-35, EXIT 19 & US-160 E",Wellington,KS,570,3.299
1931,RBS ONE STOP,"I-15, EXIT 320",Woods Cross                             ,UT,835,3.459
1934,CIRCLE K #2723710,"I-77, EXIT 24",Austinville,VA,185,3.24066666
1936,QUICK STOP MARKET #36,"I-81, EXIT 10 & US-11",Bristol,VA,185,3.399
1940,7-ELEVEN #40063,"I-81, EXIT 98 & SR-100",Dublin,VA,65,3.199
1944,LOVES TRAVEL STOPS #399,"I-77, EXIT 1 & SR-620",Lambsburg,VA,65,3.589
1944,LOVES TRAVEL STOP #399,"I-77, EXIT 1 & SR-620",Lambsburg,VA,65,3.589
1950,7-ELEVEN #34515,"I-81, EXIT 205",King George,VA,180,3.399
1951,CIRCLE K #2723713,"I-81, EXIT 205",Staunton,VA,185,3.38566666
1953,FAS MART #3555,"I-64, EXIT 136 & US-15",Gordonsville,VA,180,3.699
1954,Joe's Kwik Mart #8409,US-58 & CR-645,Suffolk,VA,130,3.03233333
1956,PILOT TRAVEL CENTER #4642,"I-81, EXIT 291",Toms Brook,VA,60,3.659
1958,SPEEDWAY #4618,"I-81 & I-77, EXIT 77",Wytheville,VA,185,3.41233333
1960,MAPLEWOOD IRVING,"I-89, EXIT 7",Montpelier                              ,VT,170,3.699
1962,SUPER QUIK,"I-64, EXIT 172 & SR-1/SR-7",Grayson,KY,255,3.799
1976,One9 #963,"I-90, EXIT 276",Spokane                                 ,WA,970,3.989
1976,One9 #963,"I-90, EXIT 276",Spokane                                 ,WA,970,3.959
1977,GEE CEES TRUCK STOP,"I-5, EXIT 57",Toledo,WA,977,3.839
1983,KWIK TRIP #427,"US-53, EXIT 110 & SR-40",Bloomer,WI,295,3.41566666
1985,Camp Douglas BP,"I-90 & I-94, EXIT 55",Camp Douglas                            ,WI,420,3.154
2000,RIVER CITY TRAVEL PLAZA,US-41,Marinette,WI,360,3.399
2002,KWIK TRIP #222,US-53/US-2,Superior,WI,334,3.339
2009,KWIK TRIP #139,"I-43, EXIT 120 & CR-V/CR-OK",Sheboygan,WI,444,3.29066666
2020,BFS FOODS #72,"I-68, EXIT 23 & SR-26",Bruceton Mills,WV,165,3.499
2021,GO MART FOOD STORE #59,"I-64, EXIT 15 & US-60",Huntington,WV,255,3.499
2022,GO MART FOOD STORE #86,"I-79, EXIT 40 & SR-16",Ivydale                                 ,WV,44,3.599
2029,HOMAX SERVICE,"I-25, EXIT 188",Mills                                   ,WY,790,3.169
2030,GHOST TOWN FUEL STOP,US-26/US-20,Casper,WY,790,3.429
2034,TA CHEYENNE TRAVEL CENTER,"I-80, EXIT 377 & SR-217/CR-140",Cheyenne,WY,795,3.699
2040,Fast Stop Travel Centers #1133,"I-25, EXIT 126 & US-18/20",Douglas,WY,790,3.499
2041,PINE BLUFFS SINCLAIR,"I-80, EXIT 401 & US-30",Pine Bluffs,WY,795,3.699
2044,One9 #1251,"I-80, EXIT 173",Wamsutter,WY,795,3.499
2074,STRIPES #40522,"I-10, EXIT 550",San Antonio,TX,740,3.059
2076,ALLSUPS CONVENIENCE STORE #2159,US-283 BUS/US-277 BUS & SR-422,Seymour,TX,770,3.299
2078,ALLSUPS CONVENIENCE STORE #2366,US-84 & CR-3300,Slaton                                  ,TX,700,2.969
2084,Main Street Market #112,"I-20, EXIT 73",Wickett,TX,710,2.879
2087,LWS TRUCK STOP,SR-30,Logan,UT,835,3.42566666
2088,FLYING J TRAVEL PLAZA #773,"I-70, EXIT 40",Richfield                               ,UT,835,3.699
2089,FLYING J TRAVEL PLAZA #774,"I-84, EXIT 7",Snowville                               ,UT,835,3.749
2115,KWIK TRIP #838,SR-23/SR-33,Reedsburg,WI,420,3.194
2125,BIG D #44,"I-80, EXIT 311 & SR-130",Laramie,WY,795,3.249
2144,Mountain View Truck Stop,US-15,Thurmont,MD,60,4.099
2152,SPEEDWAY #4709,"I-90, EXIT 102",Fairmont,MN,425,3.299
2167,PILOT TRAVEL CENTERS #134,"I-94, EXIT 171 (CR 75)",Saint Cloud,MN,451,3.28733333
2182,PILOT TRAVEL CENTER #4649,"I-64 & I-81, EXIT 205",Raphine,VA,185,3.659
2192,GO MART FOOD STORE #51,US-19/SR-129,Mount Nebo                              ,WV,44,3.599
2194,A AND A TRUCKSTOP,US-35 & CR-41,Jackson,OH,315,3.799
2196,Certified Oil #400410,I-76 EXIT 43,Ravenna,OH,249,3.31566666
2204,NATURAL BRIDGE SHELL,US-278 & SR-5,Lynn,AL,615,3.68233333
2209,Roadrunner #471,"I-40/US-65, EXIT 142 & SR-365",North Little Rock,AR,695,3.03233333
2219,PILOT TRAVEL CENTER #66,"I-85, EXIT 129",Braselton,GA,16,3.27233333
2219,PILOT TRAVEL CENTERS #66,"I-85, EXIT 129",Braselton,GA,16,3.27233333
2223,PO JOS GAS N GO,"I-16 SR-404, EXIT 116 & US-301/SR-73",Register,GA,195,3.23233333
2227,SPEEDWAY #7448,SR-59,Naperville,IL,293,3.299
2227,SPEEDWAY #7448,SR-59,Naperville,IL,293,3.359
2231,QUIKTRIP #605,"I-270, EXIT 33",Saint Louis,MO,540,2.899
2255,S&G #36,"I-280, EXIT 2 & SR-795",Millbury,OH,550,3.49233333
2267,Circle K #4703917,"I-65, EXIT 112 & SR-25",Cross Plains,TN,460,2.949
2283,CIRCLE K #2707321,SR-60,Bartow,FL,225,3.52233333
2287,SAC SHOP #511,"I-76/I-70, EXIT 146 & I-99/US-220 EXIT 1",Bedford,PA,14,4.099
2306,SCOTCHMAN #3894,"I-77, EXIT 73 & SR-901",Rock Hill,SC,210,3.079
2310,MAPCO #3686,"I-24, EXIT 175",Chattanooga,TN,285,2.889
2311,SHELL,"I-24 & EPPS MILL RD, EXIT 89",Christiana                              ,TN,460,3.13233333
2331,PINNERS POINT,SR-135,Portsmouth,VA,130,3.499
2336,FLYING J TRAVEL PLAZA #754,"I-77 & I-81, EXIT 77",Wytheville,VA,185,3.549
2340,RSTORE #4478,SR-8 & SR-13,Prentice,WI,395,3.039
2557,PWI #106,"I-30, EXIT 77B",Royse City,TX,630,2.899
2602,PILOT TRAVEL CENTERS #9,"I-75, EXIT 36",Franklin,OH,407,3.35233333
2623,TA JANESVILLE TRAVEL CENTER,"I-90/I-39, EXIT 171B & US-14",Janesville,WI,420,3.299
2626,WEST END SINCLAIR,"I-80, EXIT 211",Rawlins,WY,838,3.319
2629,PILOT TRAVEL CENTERS #253,"I-295 & NJ TRNPK,  EXIT 2B",Penns Grove,NJ,243,3.989
2635,FLYING J #584,"I-5, EXIT 278",Aurora,OR,935,3.859
2638,PIT STOP TRAVEL CENTER,US-789,Riverton                                ,WY,790,4.399
2640,LITTLE NASHVILLE,"I-64, EXIT 50 & SR-127",Nashville,IL,540,3.399
2640,LITTLE NASHVILLE,"I-64, EXIT 50 & SR-127",Nashville,IL,540,3.299
2644,FREDERICKS TRAVEL CENTER,"I-25/US-87, EXIT 235 & SR-52",Erie,CO,800,3.499
2756,PAR MAR FOOD STORE #89,"I-77/SR-2, EXIT 170 & SR-14 E",Mineral Wells,WV,430,3.499
2761,PONY EXPRESS SERVICE CENTER,US-36 & SR-148,Hanover,KS,316,2.95566666
2764,LOVES TRAVEL STOP #046,US-64/54 & SR-94,Hooker,OK,585,3.56233333
2765,LOVES TRAVEL STOP #023,US-50 & US-287,Lamar,CO,525,3.46233333
2772,PILOT TRAVEL CENTERS #29,"I- 80, EXIT 144; I-69, EXIT 357",Fremont                                 ,IN,465,3.899
2772,PILOT TRAVEL CENTER #29,"I- 80, EXIT 144; I-69, EXIT 357",Fremont                                 ,IN,465,3.899
2779,Stinker #121,I-84 & EXIT 208,Heyburn,ID,787,3.56066666
2788,JIFFY MART #451,"I-91, EXIT 17 & SR-302",Wells River,VT,39,3.569
2805,Fast Stop Travel Centers #1145,"I-15,  EXIT 31",Downey,ID,825,3.799
2807,SUDDEN SERVICE #25,"I-24, EXIT 11",Clarksville,TN,460,3.30733333
2811,KWIK FILL #22,"I-90, EXIT 40 & SR-34/SR-31",Weedsport,NY,220,3.899
2817,Chevron #382354,"I-5/US-12, EXIT 72",Chehalis,WA,977,4.299
2848,TA TONOPAH TRAVEL CENTER,"I-10, EXIT 103",Tonopah,AZ,930,3.939
2851,SPEEDWAY #2958,"I-8, EXIT 12",Yuma,AZ,900,3.479
2862,TA TALLULAH TRAVEL CENTER,"I-20, EXIT 171 & US-65",Tallulah,LA,760,3.209
2864,KUM & GO #0493,I-49 BUS/SR-59,Neosho,MO,535,3.059
2875,CIRCLE K #2744138,"I-25, EXIT 101 & US-50/SR-47",Pueblo,CO,803,3.399
2883,PILOT TRAVEL CENTER #293,"I-75, EXIT 341 & CR-484",Ocala                                   ,FL,140,3.41233333
2883,PILOT TRAVEL CENTERS #293,"I-75, EXIT 341 & CR-484",Ocala                                   ,FL,140,3.359
2885,SP Truckstop & Travel Center,US-84/SR-38,Bainbridge,GA,20,3.599
2889,MOULTON COWBOYS,SR-157,Moulton                                 ,AL,615,3.099
2891,PETRO STOPPING CENTER #338,"I-80, EXIT 21",Sparks,NV,966,3.949
2895,EAGLE TRUCK STOP,I-77 EXIT 81,New Philadelphia,OH,249,3.31566666
2896,NORTH LEWISTON DYNAMART,US-12 & SR 128,Lewiston,ID,970,3.669
2897,GAS N GO #15,"I-80, EXIT 41",Lyman,WY,827,3.46566666
2910,FLYING J TRAVEL PLAZA #685,"I-29 & I- 94, EXIT 349",Fargo                                   ,ND,341,3.569
2913,ONE9#226,"I-40, EXIT 417 & SR-92",Dandridge,TN,405,3.259
2915,TP TRUCK STOP,"I-15, EXIT 80",Fort Hall                               ,ID,825,3.519
2917,GOLDYS TRUCK PLAZA,US-29,Rustburg,VA,185,3.519
2922,LOVES TRAVEL STOP #210,"I-40, EXIT 158",Albuquerque,NM,580,3.52066666
2923,LOVES TRAVEL STOP #435,"I-95, EXIT 104 & SR-207",Ruther Glen,VA,180,3.611
2923,LOVES TRAVEL STOPS #435,"I-95, EXIT 104 & SR-207",Ruther Glen,VA,180,3.589
2924,HWY 190 FUEL STOP,US-190,Jasper                                  ,TX,610,3.13233333
2926,EXIT 77 TRAVEL PLAZA,"I-81, EXIT 77 & SR-39",Harrisburg,PA,70,3.499
2929,TA EXPRESS STEELE,"I-94, EXIT 200 & SR- 3",Steele,ND,390,3.599
2935,CIRCLE K #2726163,"I-295, EXIT 22",Jacksonville,FL,75,3.299
2937,FLYING J TRAVEL PLAZA #664,"I-75, EXIT 171",Walton,KY,300,3.08566666
2956,PILOT TRAVEL CENTERS #275,"I-85, EXIT 39 I-77, EXIT 13",Charlotte,NC,46,3.55233333
2963,SUPERPUMPER #26,"I-94, EXIT 258 & US-281",Jamestown,ND,390,3.629
2967,PETRO STOPPING CENTER #317,"I-57, EXIT 71",Perrysburg,OH,550,3.78566666
2968,E-Z MART #4460,"I-20,  EXIT 124",Monroe,LA,719,3.129
2977,DISCOUNT FUEL,"I-90, EXIT 150 & SR-73",Kadoka,SD,506,3.229
2982,CIRCLE K #2723726,"I-59/I-20, EXIT 52 & US-11/US-43/SR-7",Knoxville,AL,705,3.089
3003,CHEVRON,"I-20, EXIT 186",Delta                                   ,LA,760,2.994
3008,BUSY BEE,"I-10, EXIT 283 & US-129",Live Oak,FL,10,3.779
3022,TA GREENCASTLE TRAVEL CENTER,"I-81, EXIT 5",Greencastle,PA,70,3.959
3030,Mr Ts Riverside,US-412,Cardwell                                ,MO,435,3.199
3064,PORTS TO PLAINS TRAVEL PLAZA,US-50 & US-287,Lamar,CO,800,3.399
3086,SPEEDWAY #4638,US-29,Madison Heights,VA,185,3.49566666
3093,RSTORE #4488,US-51,Merrill,WI,395,3.24066666
3096,HOBO PANTRY #6,US-431/SR-210,Dothan,AL,20,3.959
3118,MOBIL,"I-87, EXIT 42 & US-11",Champlain,NY,39,3.799
3128,TA ATLANTA SOUTH TRAVEL CENTER,"I-75, EXIT 201 & SR-36",Jackson,GA,18,3.334
3138,TA EXPRESS #6264,"I-70, EXIT 26 & US-50",Grand Junction,CO,800,4.049
3139,CHEROKEE TRAVEL MART,"I-40,  EXIT 108",Calumet                                 ,OK,483,3.10566666
3148,YESWAY #1038,US-60 & SR-86,Neosho,MO,307,3.059
3155,QUIK MART #18,US-72/SR-157,Tuscumbia                               ,AL,615,3.00733333
3163,QUIKTRIP #71,"I-44, EXIT 238",Tulsa,OK,560,3.039
3164,QUIKTRIP #102,"I-44, EXIT 222A",Tulsa,OK,560,3.039
3165,LOVES TRAVEL STOP #213,"I-35, EXIT 211",Tonkawa,OK,500,3.584
3167,JASPER FOOD MART,US-78,Jasper,AL,615,3.229
3171,One9 #265,"I-40, EXIT 287 & SR-136",Cookeville,TN,405,3.084
3176,BP,US-6 & SR-15,New Paris                               ,IN,365,3.65733333
3178,ERNIES FUEL STOP #1605,SR-167,Kent,WA,977,4.599
3179,MR FUEL #1020,"I-80 & I-94, EXIT 15B",Lake Station,IN,365,3.56566666
3191,BUSY CORNER TRUCK STOP AND MARKET,"I-24, EXIT 105 & US-41/SR-2",Manchester,TN,460,3.049
3205,CROSSROADS TRUCK STOP STATION,"I-29 & SR 34, MM 109",Colman                                  ,SD,530,3.159
3206,PERHAM OASIS,US-10 & SR-78,Perham,MN,250,3.499
3215,SHELL TRUCKSTOP,"I-4, EXIT 44",Polk City,FL,225,3.449
3216,MAXS #124,"I-24, EXIT 86 & US-41",Oak Grove,KY,460,3.04233333
3221,Pilot #1440,"US-67, EXIT 55 & US-64/US-167 & SR-367",Bald Knob,AR,695,3.399
3221,Southern Travel Plaza,"US-67, EXIT 55 & US-64/US-167 & SR-367",Bald Knob,AR,695,3.391
3222,POMPANO TRUCK STOP,"I-95, EXIT 36B",Pompano Beach,FL,95,3.759
3226,ONE9 #245,"I-81, EXIT 77 & SR-39",Harrisburg,PA,70,3.609
3227,ONE9 MR FUEL #64,"I-26 & US-17, EXIT 199",Summerville,SC,42,3.219
3227,MR FUEL DBA ONE9 #64,"I-26 & US-17, EXIT 199",Summerville,SC,42,3.219
3230,STRIPES #40815,US-281 & US-285,Falfurrias,TX,625,3.299
3264,TA WEST MEMPHIS TRAVEL CENTER,"I-40/US-63, EXIT 260 & SR-149",Earle,AR,435,3.36733333
3280,OUTPOST TRUCK STOP,US-85 & US-18/US-20,Lusk,WY,790,3.689
3281,AMERICAN TRUCK PLAZA,I-80 EXIT 215 & SR-254,Milton,PA,138,3.799
3284,CASEYS #4390,"I-49/US-71, EXIT 77 & US-160",Lamar,MO,416,3.199
3297,SAPP BROS TRAVEL CENTER,"I-80, EXIT 370",Cheyenne,WY,795,3.70066666
3316,TRUCKOMAT OF N LITTLE ROCK,"I-40, EXIT 161 & SR-391",North Little Rock                       ,AR,695,3.249
3326,MIRABITO #61,"I-81, EXIT 32",Central Square,NY,12,4.299
3330,TA # 211 GREENLAND TRAVEL CENTER,"I-95, EXIT 3A & US-101",Greenland,NH,34,3.759
3349,QUEEN CITY TRUCK STOP,"I-20 & I-59, EXIT150",Meridian,MS,705,2.939
3383,E-Express at Central Truck Stop,"I-35, EXIT 137",Oklahoma City,OK,483,2.879
3386,LONGMONT TRUCK STOP,"I-25/US-87, EXIT 240 & SR-119",Longmont,CO,800,3.239
3401,POPS Mart #333,"I-77, EXIT 48 & SR-200",Winnsboro,SC,46,3.09066666
3413,COUNTRY GIRL TRUCK STOP,US-167 & SR-156,Winnfield,LA,590,3.319
3415,JAYS EL CHEAPO FUEL STOP,"I-16, EXIT 104",Metter                                  ,GA,195,3.249
3418,Par Mar Store #164,"I-79, EXIT 105 & CR-7",Jane Lew,WV,165,3.999
3421,ERNIES TRUCK STOP,"I-5, EXIT 142",Federal Way,WA,977,4.599
3422,PWI #167,"I-10, EXIT 601",Seguin,TX,740,2.889
3427,JOHNNYS MARKET,"I-69, EXIT 357",Fremont,IN,465,3.699
3432,PILOT TRAVEL CENTER #34,"I-65, EXIT 201 & US-231",Remington,IN,365,3.709
3432,PILOT TRAVEL CENTERS #34,"I-65, EXIT 201 & US-231",Remington,IN,365,3.659
3435,PWI #168,"I-35, EXIT 266 & SR-195",Georgetown,TX,740,2.799
3444,Acme Truck Stop,US-441/SR-500,Orlando,FL,140,3.449
3460,CHROME TRUCK STOP,US-18 & US-169,Algona,IA,433,3.499
3464,BOISE PETROLEUM LLC,"I-84,  EXIT 71",Boise,ID,785,3.379
3471,MR FUEL DBA ONE9 #72,"I-16, EXIT 160",Savannah,GA,195,3.13233333
3471,ONE9 MR FUEL #72,"I-16, EXIT 160",Savannah,GA,195,3.119
3475,PILOT TRAVEL CENTERS #56,"I-85, EXIT 63",Kannapolis,NC,46,3.499
3477,CIRCLE K #4707404,"I-91, EXIT 7",Springfield,VT,170,3.699
3479,FAST MARKET #4550,"I-75/SR-401, EXIT 136 & US-341",Perry,GA,85,3.099
3493,CIRCLE K #2723675,"I-75, EXIT 290 & SR-20",Cartersville,GA,18,3.08566666
3519,PILOT TRAVEL CENTERS #431,"I-10, EXIT 873",Orange,TX,610,3.309
3522,SUNMART #308,US-59,Livingston                              ,TX,610,2.859
3526,JOE STOP 99,"I-75, EXIT 99 & SR-119",Anna,OH,411,3.064
3530,SPARKYS ONE STOP #22,"I-35, EXIT 111B & US-30",Jefferson,IA,320,3.23233333
3536,PETRO STOPPING CENTER #307,I-40 EAST & S LAKESIDE Dr,Amarillo,TX,585,3.279
3539,Bigs 211,"I-10, EXIT 620 & SR-123",Seguin,TX,740,3.099
3545,STOCKMENS TRUCK PLAZA,"I-494, EXIT 64A",South Saint Paul,MN,450,3.499
3580,STINKER I 80 TRAVEL PLAZA,"I-80, EXIT 221 & SR-76",Sinclair,WY,838,3.759
3585,CHEVRON,"I-80, EXIT 129",Lovelock,NV,966,3.499
3588,BINGO TRUCK STOP,"I-10, EXIT 829 & SR-124",Winnie                                  ,TX,610,2.999
3592,TA BRIDGER TRAVEL CENTER #188,"I-80, EXIT 30 & CR-202",Fort Bridger,WY,835,3.71566666
3593,TA Parowan Travel Center,"I-15, EXIT 78",Parowan,UT,910,3.70566666
3605,SPEEDYS #6,"I-35, EXIT 33",Saint Joseph,MO,400,3.169
3608,FUEL MART #787,"I-57, EXIT 212 & US-36",Tuscola,IL,280,3.199
3614,PILOT TRAVEL CENTERS #35,"I-80/90, EXIT 72 & US-31",South Bend                              ,IN,465,3.799
3614,PILOT TRAVEL CENTER #35,"I-80/90, EXIT 72 & US-31",South Bend                              ,IN,465,3.799
3616,PILOT TRAVEL CENTERS #15,"I-75, EXIT 210",Toledo,OH,550,3.77233333
3619,ROAD RANGER #141,"I-70, EXIT 23",Brazil,IN,375,3.659
3620,One9 #16,"I-71 & US-68, EXIT 50",Wilmington                              ,OH,315,3.14233333
3645,SNOW SHOE TRAVEL PLAZA,"I-80, EXIT 147 & SR-144",Snow Shoe,PA,14,3.469
3678,TIMES MARKET #299,US-281 BUS,Alice,TX,625,3.099
3688,SPEEDWAY #2314,"I-94, EXIT 243 & SR-29",New Baltimore,MI,342,3.559
3688,SPEEDWAY #2314,"I-94, EXIT 243 & SR-29",New Baltimore,MI,342,3.579
3692,CHARLOTTE TRAVEL PLAZA,"I-77,  EXIT 16B",Charlotte,NC,46,3.53233333
3699,WARREN TRAVEL PLAZA,"I-69, EXIT 278 & SR-5",Warren,IN,375,3.399
3702,BEARS DEN TRADING POST #101,ST 37 11 MI E OF MASSENA,Hogansburg                              ,NY,39,3.649
3707,SPEEDWAY #4704,"I-90, EXIT 154",Albert Lea,MN,425,3.299
3718,SPEEDWAY #4706,"I-90, EXIT 265",Chamberlain,SD,455,3.299
3719,KEYSTONE TRUCK STOP,US-22 & SR-164,Loretto,PA,14,3.999
3725,GENEVA TRUCK STOP,"I-79, EXIT 35/141",Cochranton                              ,PA,240,3.81566666
3728,PLAZA 23 TRUCK STOP,"I-787, EXIT 2",Albany,NY,12,3.799
3737,JORDAN'S KWIK STOP #70,US-49,West Helena                             ,AR,435,3.399
3745,PILOT TRAVEL CENTER #906-TOWN PUMP,"I-90, EXIT 408 & SR-78",Columbus,MT,780,3.58066666
3759,EXXON,US-67 & SR-18,Newport,AR,695,4.13233333
3767,SIMMONS TRAVEL CENTER,"I-95, EXIT 8 & US-301",Emporia,VA,180,3.099
3772,Brake Time Corner Market,"I-25, EXIT 240",Burlington                              ,CO,800,3.499
3774,SINCLAIR,"I-70, EXIT 438",Burlington                              ,CO,796,3.889
3781,REATTA TRAVEL STOP,"I-76, EXIT 149 & SR-55/CR-81",Crook,CO,475,3.38233333
3783,CIRCLE K #2744095,"I-25, EXIT 215",Denver,CO,800,3.299
3794,SPEEDWAY #4701,"I-90, EXIT 73",Jackson,MN,425,3.299
3817,FAST MARKET,"I-25, EXIT 158",Colorado Springs,CO,803,3.159
3843,ONCUE EXPRESS #61,"I-35, EXIT 185 & US-77",Perry,OK,500,3.21566666
3868,SHORE STOP #279,US-13,Greenwood,DE,194,3.239
3868,SHORE STOP #279,US-13,Greenwood,DE,194,3.259
3888,Fics Plaza,"I-90, EXIT 184",Deer Lodge                              ,MT,816,3.519
3889,CIRCLE K #2701686,"I-75, EXIT 220",Bradenton,FL,225,3.439
3907,SUNOCO,US-46 & SR-93,Palisades Park,NJ,105,3.279
3908,SEMINOLE TRUCK STOP,"I-75, EXIT 354",Fort Lauderdale,FL,95,3.699
3927,MICCOSUKEE SERVICE PLAZA,"I-75, EXIT 49 & SR-84",Fort Lauderdale                         ,FL,95,3.66566666
3936,Uncle Petes Truck  Stop,"I-40, EXIT 239 & US-70/SR-26",Lebanon,TN,460,2.989
3946,Fast Lane,US-24 & US-63,Moberly,MO,310,3.469
3949,SUNSTOP #337,"I-10/SR-8, EXIT 303 & US-441",Lake City,FL,75,3.699
3956,CIRCLE K #2707451,US-27/SR-25 & SR-70,Lake Placid,FL,225,3.399
3964,SPEEDWAY #6604,"I-94, EXIT 66",Mattawan,MI,465,3.489
3964,SPEEDWAY #6604,"I-94, EXIT 66",Mattawan,MI,465,3.499
3970,EXXON - Pilot #1293,"I-30, EXIT 61",Garland,TX,630,2.84233333
3973,LOVES TRAVEL STOP #205,"I-35 & I-44, EXIT 137",Oklahoma City,OK,483,3.319
3974,LOVES TRAVEL STOP #201,I-40 EXIT 41,Elk City,OK,483,3.12566666
3975,SUNSTOP #334,"I-10, EXIT 335 & SR-121",Macclenny,FL,75,3.459
3979,PETRO GARY 369,"I-80 & I-94, EXIT 9",Gary,IN,365,3.83066666
4006,MISSILE MART #1,US-167 & SR-7,El Dorado,AR,635,3.499
4008,BALDWIN TRAVEL PLAZA,"I-94, EXIT 19 & US HWY 63",Baldwin                                 ,WI,295,3.503
4025,BP,"I-85, EXIT 21  & US-178",Anderson,SC,30,2.909
4035,PILOT TRAVEL CENTER #430,"I-40,  EXIT 84",Russellville,AR,695,3.375
4035,PILOT TRAVEL CENTERS #430,"I-40,  EXIT 84",Russellville,AR,695,3.399
4062,DUDLEYS TRUCK STOP RESTAURANT,US-220,Rocky Mount,VA,185,3.299
4063,STUCKEY'S,"I-59, EXIT 67 & US-49",Hattiesburg,MS,620,2.999
4080,SHELL DBA PILOT DEALER #874,US-41,Miami,FL,176,3.699
4080,PILOT TRAVEL CENTERS #874,US-41,Miami,FL,176,3.699
4101,E-Z MART #4411,HIGHWAY 69 & COBBLESTONE DR,Pryor,OK,560,3.099
4113,ASAP GENERAL STORE #330,US-412/SR-15,Enid,OK,500,3.08233333
4115,QUIKTRIP #707,"I-85 , EXIT 96",Atlanta,GA,18,3.34066666
4119,JET FOOD STORE #82,US-441 & CR-13,Douglas,GA,10,3.44066666
4156,PETRO STOPPING CENTER #305,"I-10, EXIT 582",San Antonio,TX,740,3.20733333
4161,EL CHEAPO,I-95 & EXIT 76,Midway                                  ,GA,195,3.52566666
4164,CIRCLE K #2723897,"I-75, EXIT 138",Thomasville,GA,20,3.23566666
4169,TA KINGMAN TRAVEL CENTER,"I-40, EXIT 48 & US-93",Kingman,AZ,910,3.899
4171,PETRO SERVE USA #11,US-2 & US-71,Bemidji,MN,355,3.499
4172,FLYING J TRAVEL PLAZA #639,"I-90, EXIT 2",Post Falls,ID,970,3.76233333
4179,CIRCLE K #2705352,"I-95/SR-405, EXIT 109 & SR-30/SR-21",Port Wentworth                          ,GA,195,3.099
4187,FLYING J TRAVEL PLAZA #632,"I-75, EXIT 320",Resaca,GA,285,3.29566666
4193,TIGER MART #63,"I-20, EXIT 454",Grand Prairie,TX,630,3.599
4199,PWI #574,"I-70, EXIT 193/US-40",Bunker Hill,KS,357,2.959
4204,PILOT TRAVEL CENTERS #415,"I-59, EXIT 4",Rising Fawn,GA,285,3.859
4204,PILOT TRAVEL CENTER #415,"I-59, EXIT 4",Rising Fawn,GA,285,3.819
4211,FLYING J #513,"I-15, EXIT 1",Jean,NV,910,3.73233333
4220,KENNETT TRUCK STOP,"I-275, EXIT 16",Lawrenceburg                            ,IN,300,3.424
4222,Circle K #4703906,"I-24, EXIT 24 & SR-49",Pleasant View,TN,460,2.899
4223,TA PEMBROKE TRAVEL CENTER,"I-90, EXIT 48A",Corfu,NY,38,3.939
4223,TA PEMBROKE TRAVEL CENTER,"I-90, EXIT 48A",Corfu,NY,38,3.889
4223,TA PEMBROKE TRAVEL CENTER,"I-90, EXIT 48A",Corfu,NY,38,3.829
4223,TA PEMBROKE TRAVEL CENTER,"I-90, EXIT 48A",Corfu,NY,38,3.839
4227,LOVES TRAVEL STOP #203,"I-40, EXIT 140",Oklahoma City,OK,483,3.35566666
4233,QUIKTRIP #7220,"I-20, EXIT 8",Shreveport,LA,745,2.89233333
4239,SPEEDWAY #8256,"I-64, EXIT 94 & SR-1958 & US-60",Winchester,KY,410,2.92233333
4241,EXXON,"I-285, EXIT 53",Conley,GA,18,3.999
4267,CONOCO,US-30 & SR-41,Gap,PA,160,3.799
4292,KUM & GO #0032,"I-80/US-6, EXIT 155 & SR-117",Colfax,IA,320,3.08233333
4301,TIGER DISCOUNT TRUCKSTOP,"I-94, EXIT 64 & I-94 BUS",Dickinson,ND,807,3.51566666
4311,Saveway Truck Plaza,"I-65, EXIT 164 & US-31",Hope Hull,AL,720,3.139
4331,KWIK STOP C STORES,US-61/US-151,Dubuque,IA,335,3.559
4332,PILOT TRAVEL CENTER #468,"I-57, EXIT 283 & US-24",Gilman,IL,280,3.399
4332,PILOT TRAVEL CENTER #468,"I-57, EXIT 283 & US-24",Gilman,IL,280,3.559
4332,PILOT TRAVEL CENTER #468,"I-57, EXIT 283 & US-24",Gilman,IL,280,3.439
4332,PILOT TRAVEL CENTERS #468,"I-57, EXIT 283 & US-24",Gilman,IL,280,3.459
4335,HIGHWAY 20  AUTO TRUCK PLAZA,US-20,Peosta,IA,335,3.489
4339,ROAD RANGER #273,I-69E/US-77 & SR-107,Combes,TX,639,3.049
4349,ROAD RANGER #144,"I-380, EXIT 68US-20, EXIT 68",Evansdale,IA,565,3.729
4363,EL CHEAPO #4,"I-95, EXIT 87",Richmond Hill,GA,195,3.09566666
4368,HOODS SERVICE CENTER,"I-44, EXIT 61",Bois D Arc,MO,535,3.074
4372,GRADYS TRUCKSTOP,"I-16, EXIT 111",Pulaski                                 ,GA,195,3.46566666
4373,KUM & GO #0043,"I-35, EXIT 43 & SR-207/CRG76",New Virginia,IA,320,3.114
4389,TAYLOR QUIK-PIK,"I-29, EXIT 75 & US-30",Missouri Valley,IA,486,3.399
4395,BREAK TIME #3147,"I-55, EXIT 67 & US-62",Sikeston,MO,275,3.499
4417,TA MORIARITY TRAVEL CENTER,"I-40, EXIT 194",Moriarty,NM,580,3.21733333
4419,CASEYS #3081,"I-35, EXIT 92 & US-136",Bethany,MO,400,3.06066666
4427,CASEYS #2654,"I-80/US-6, EXIT 93 & CR-P28",Stuart,IA,320,3.099
4431,CASEYS #2653,"US-63 & US-30, EXIT 202",Toledo,IA,320,3.349
4437,UNDERWOOD TRUCK STOP I 80,"I-80, EXIT 17",Underwood                               ,IA,319,3.00066666
4441,PILOT TRAVEL CENTERS #51,"I-81 BAILEYTON RD, EXIT 36",Greeneville,TN,405,3.56233333
4442,Minuteman Food Mart #58,US-74/US-76,Delco,NC,245,3.50733333
4445,TA Rogers,"I-94/US-52, EXIT 207 & SR-101",Rogers,MN,448,3.274
4446,LOVES TRAVEL STOP #200,I-40 EXIT 74,Amarillo,TX,585,3.209
4451,PRAIRIE JUNCTION TRUCK STOP,"I-29, EXIT 109 & SR-34",Colman,SD,530,3.099
4452,CASEYS #2867,US-63 & US-20,Waterloo,IA,380,3.499
4458,KUM & GO #1443,"I-80, EXIT 216",Williamsburg,IA,380,3.13066666
4460,EXIT 62 TRUCKSTOP,"I-71, EXIT 62 & US-127",Glencoe,KY,415,3.16566666
4463,QUIKTRIP #7901,"I-20, EXIT 556 & US-69",Lindale,TX,710,2.80733333
4482,FLYING J TRAVEL PLAZA #777,"I-84, EXIT 54(FEDERAL WAY)",Boise,ID,785,3.809
4482,FLYING J FUEL STOP #777,"I-84, EXIT 54(FEDERAL WAY)",Boise,ID,785,3.76566666
4492,3 MILE CORNER TRUCK STOP,US-2 & US-95,Bonners Ferry,ID,970,3.734
4525,STINKER #42,US-12/US-95 & SR-128,Lewiston,ID,970,3.69733333
4528,WENATCHEE VALLEY TRUCK STOP,US-97 ALT,Wenatchee,WA,920,4.199
4528,WENATCHEE VALLEY TRUCK STOP,US-97 ALT,Wenatchee,WA,920,4.119
4528,WENATCHEE VALLEY TRUCK STOP,US-97 ALT,Wenatchee,WA,920,4.089
4533,SPEEDWAY #1449,"I-65, EXIT 262B",Birmingham                              ,AL,615,2.97566666
4544,BIG CHARLIES TRUCK PLAZA,"I-64, EXIT 282 & US-13",Virginia Beach,VA,130,3.489
4555,PILOT TRAVEL CENTERS #406,"I-65, EXIT 22 & US-31A/SR-11",Cornersville,TN,460,3.799
4560,FAST STOP TRAVEL CENTERS #1109,"I-15, EXIT 392",Plymouth,UT,835,3.58233333
4563,PILOT TRAVEL CENTERS #299,"I-55/I-74/US-51, EXIT 160 & US-150/SR-9",Bloomington                             ,IL,280,3.599
4563,PILOT TRAVEL CENTERS #299,"I-55/I-74/US-51, EXIT 160 & US-150/SR-9",Bloomington                             ,IL,280,3.399
4563,PILOT TRAVEL CENTER #299,"I-55/I-74/US-51, EXIT 160 & US-150/SR-9",Bloomington                             ,IL,280,3.399
4563,PILOT TRAVEL CENTERS #299,"I-55/I-74/US-51, EXIT 160 & US-150/SR-9",Bloomington                             ,IL,280,3.499
4563,PILOT TRAVEL CENTER #299,"I-55/I-74/US-51, EXIT 160 & US-150/SR-9",Bloomington                             ,IL,280,3.499
4563,PILOT TRAVEL CENTER #299,"I-55/I-74/US-51, EXIT 160 & US-150/SR-9",Bloomington                             ,IL,280,3.599
4568,ONVO TRAVEL PLAZA,"I-90, EXIT 28",Fultonville,NY,12,3.199
4568,ONVO TRAVEL PLAZA,"I-90, EXIT 28",Fultonville,NY,12,3.159
4569,METROPOLIS TRUCK STOP,"I-24, EXIT 37 & US-45",Metropolis,IL,490,3.599
4574,Circle K #4701432,"I-74, EXIT 174",Mahomet,IL,280,3.669
4582,BIG CHIEF TRUCK STOP,"I-94/US-52, EXIT 61 & US-59/CR-82",Fergus Falls,MN,250,3.23566666
4605,PILOT DEALER #898 SADLERS TRUCK STOP,"I-95, EXIT 11B & US-58",Emporia,VA,180,3.799
4618,OUTPOST TRAVEL CENTER,"I-20, EXIT 5 & US-80",Greenwood,LA,745,2.899
4620,PILOT TRAVEL CENTERS #95,"I-75, EXIT 329 & SR-44",Wildwood                                ,FL,225,3.22566666
4620,PILOT TRAVEL CENTER #95,"I-75, EXIT 329 & SR-44",Wildwood                                ,FL,225,3.319
4622,TA LEE HI TRAVEL PLAZA,"I-81,  EXIT 195",Lexington,VA,185,3.659
4628,QUARLES #4601,US-29/US-17/US-15,Warrenton,VA,60,3.32233333
4637,THORNTONS #369 DBA PILOT TRAVEL CENTER #514,"I-55, EXIT 126 & SR-10",Lincoln                                 ,IL,318,3.399
4637,THORNTONS #369 DBA PILOT TRAVEL CENTER #514,"I-55, EXIT 126 & SR-10",Lincoln                                 ,IL,318,3.499
4637,PILOT TRAVEL CENTER #514 - THORNTONS #369,"I-55, EXIT 126 & SR-10",Lincoln                                 ,IL,318,3.499
4637,PILOT TRAVEL CENTER #514 - THORNTONS #369,"I-55, EXIT 126 & SR-10",Lincoln                                 ,IL,318,3.399
4642,MARSHAL JUNCTION,"I-70, EXIT 147 & SR-1",Marshall                                ,IL,510,3.199
4642,MARSHAL JUNCTION,"I-70, EXIT 147 & SR-1",Marshall                                ,IL,510,3.399
4644,CIRCLE K #4706703,"I-80, EXIT 145A",Mokena,IL,290,3.399
4644,CIRCLE K #4706703,"I-80, EXIT 145A",Mokena,IL,290,3.339
4654,7-ELEVEN #35087,"I-490, EXIT 2 & SR-33 & SR-19",Bergen,NY,190,4.029
4655,QUICKLEES TRAVEL CENTER,"I-86, EXIT 30 & CR-20",Belmont,NY,190,3.999
4690,PWI #401,"I-20 & I-30, EXIT 1B",Aledo,TX,630,2.799
4700,A C TRUCKSTOP,"I-80, EXIT 290",Laramie                                 ,WY,795,3.079
4704,THE RIDGE,"I-68/US-219, EXIT 14 & US-40",Accident,MD,165,4.199
4707,SMITHTON TRUCKSTOP,"I-70, EXIT 39 & SR-3059",Smithton,PA,165,3.899
4729,MINIT MART #600244,"I-70, EXIT 131",Straughn,IN,457,3.859
4742,FLYING J TRAVEL PLAZA #684,"I-94, EXIT 1 & SR-16",Beach,ND,807,3.96566666
4750,BROOKE TRAVEL PLAZA,"I-80, EXIT 259",West Liberty,IA,380,2.98733333
4762,TA MONROE TRAVEL CENTER,"I-75, EXIT 15",Monroe,MI,325,3.349
4762,TA MONROE TRAVEL CENTER,"I-75, EXIT 15",Monroe,MI,325,3.249
4762,TA MONROE TRAVEL CENTER,"I-75, EXIT 15",Monroe,MI,325,3.369
4762,TA MONROE TRAVEL CENTER,"I-75, EXIT 15",Monroe,MI,325,3.299
4806,TRACK AND TRAVEL,"I-20, EXIT 406",Weatherford,TX,630,2.91733333
4818,PILOT TRAVEL CENTER #350,"I-84 & US-20, EXIT 95",Mountain Home,ID,785,3.799
4818,PILOT TRAVEL CENTERS #350,"I-84 & US-20, EXIT 95",Mountain Home,ID,785,3.759
4819,Alta Convenience #6333,"I-25, EXIT 11",Trinidad,CO,803,3.399
4826,I-20 Truck Stop,"I-20, EXIT 165",Lincoln,AL,615,2.999
4827,PETRO BEAUMONT #304,"I-10, EXIT 848",Beaumont,TX,610,3.33066666
4837,SHELL,US-10 & SR-210,Motley,MN,522,3.399
4856,PILOT TRAVEL CENTER #910- TOWN PUMP,"I-90, EXIT 274 & US-287",Three Forks,MT,786,3.59733333
4858,PILOT TRAVEL CENTER #1346,"I-135, EXIT 31",Newton,KS,570,3.3115
4858,PILOT DEALER #1346,"I-135, EXIT 31",Newton,KS,570,3.409
4860,PILOT TRAVEL CENTER #476,"I-74, EXIT 32 & SR-17",Woodhull,IL,270,3.899
4860,PILOT TRAVEL CENTERS #476,"I-74, EXIT 32 & SR-17",Woodhull,IL,270,3.899
4872,TA COMMERCE TRAVEL CENTER,"I-85, EXIT 149 & US-441",Commerce,GA,16,3.21566666
4874,PWI #110,"I-20, EXIT 112 & FM-1936",Odessa,TX,710,3.049
4878,SHELL DBA ONE9 #1426,"I-84, EXIT 35",Nampa                                   ,ID,785,3.374
4881,PETRO STOPPING CENTER #14,"I-295, EXIT 56",Bordentown,NJ,230,4.029
4885,LOVES TRAVEL STOP #384,"I-70, EXIT 45",Greenville,IL,540,3.689
4885,LOVES TRAVEL STOP #384,"I-70, EXIT 45",Greenville,IL,540,3.749
4885,LOVES TRAVEL STOP #384,"I-70, EXIT 45",Greenville,IL,540,3.689
4885,LOVES TRAVEL STOP #384,"I-70, EXIT 45",Greenville,IL,540,3.689
4885,LOVES TRAVEL STOP #384,"I-70, EXIT 45",Greenville,IL,540,3.689
4885,LOVES TRAVEL STOP #384,"I-70, EXIT 45",Greenville,IL,540,3.749
4887,SUNOCO,"I-80 & I-90, EXIT 3",Wauseon                                 ,OH,550,3.699
4894,CLOVERDALE TRAVEL PLAZA,"I-70, EXIT 41 & US-231",Cloverdale,IN,375,3.699
4905,HY-MILER #2204,SR-250,Sandusky,OH,550,3.53233333
4909,CIRCLE K #2723916,US-441/US-301/US/27/SR-500,Ocala,FL,140,3.459
4910,PILOT TRAVEL CENTER #892,"I-70 EXIT 164, & US-50",Green River,UT,835,3.68566666
4918,PILOT TRAVEL CENTERS #219,"I-40, EXIT 398",Knoxville,TN,405,3.699
4920,TA LAPLACE,"I-10, EXIT 209 & US-5",La Place,LA,600,3.22733333
4921,PILOT TRAVEL CENTERS #231,"I-75, EXIT 29",Corbin,KY,410,3.609
4927,CIRCLE K #2704886,"I-65, EXIT 205 & US-31/SR-22",Clanton,AL,720,3.20733333
4933,VILLAGE TRUCK STOP,"I-81, EXIT 18",Rural Retreat                           ,VA,185,3.299
4977,KWIK TRIP #331,SR-54,Wisconsin Rapids,WI,395,3.26233333
4981,JOHNNYS MARKET,"I-94, EXIT 110 & US-27",Marshall,MI,385,3.499
4983,KWIK TRIP #603,"I-94, EXIT 28 & SR-128",Wilson,WI,451,3.549
4996,ZIP TRIP #54,"I-90, EXIT 452",Billings,MT,780,3.59066666
5003,TRAILWAY TRUCK STOP,US-301/SR-304,Centreville                             ,MD,22,3.259
5006,SUNOCO,US-1/US-9,Linden,NJ,79,3.799
5024,I 55 MOTOR PLAZA,"I-55,  EXIT 180",Pevely,MO,540,2.99066666
5030,YESWAY #1030,US-63 & E MARY ST,Ottumwa,IA,320,3.399
5044,TA MOUNT VERNON TRAVEL CENTER,"I-44, EXIT 46 & SR-39/SR265",Mount Vernon,MO,535,3.409
5050,ROCK PORT TRUCK PLAZA,"I-29 & US-136, EXIT 110",Rock Port,MO,400,3.099
5056,TREX MART #16,"I-35, EXIT, 61 & US-69",Winston,MO,276,3.119
5057,PHILLIPS 66,"I-35, EXIT 54 & I-35 BUS/US-36",Cameron,MO,276,3.099
5060,CRAZY FREDS TRUCK SHOP,"I-40, EXIT 44 & US-66",Kingman,AZ,910,3.539
5064,CLARK OIL #44,"I-59, EXIT 97",Laurel                                  ,MS,620,2.879
5079,FASTLANE TAYLOR 63,US-61 & SR-6,Taylor,MO,494,3.01566666
5085,K AN T TRUCKSTOP,"I-79, EXIT 137 & SR-310",Fairmont,WV,165,3.399
5111,CIRCLE K #2723385,"I-59, EXIT 67 & US-49/SR-42",Hattiesburg,MS,620,3.149
5117,CIRCLE K #4702361,"I-65, EXIT 130 & SR-334",Whitestown,IN,375,3.29233333
5128,CASEYS #2769,"I-80, EXIT 220 & SR-149",Williamsburg,IA,380,3.14233333
5131,TRAILS END TRUCK STOP,"I-29, EXIT 110 & US-136",Rock Port,MO,486,3.40566666
5132,Travel Centers of America,"I-44, EXIT 208 & SR-19",Cuba,MO,574,3.26566666
5160,FUEL MART #727,"I-70, EXIT 193",Quaker City                             ,OH,249,3.16566666
5163,Blue Sky #733,"US-78, EXIT 81 & SR-178",Belden,MS,742,2.939
5165,ONE9 #046,"I-65, EXIT 6 & SR-100",Franklin,KY,415,3.08566666
5167,SPEEDWAY #7575,"I-65, EXIT 255",Hobart,IN,290,3.63233333
5170,FLYING J #516,"I-76, EXIT 161 & I-70",Breezewood,PA,14,5.099
5183,PETRO STOPPING CENTER #74,I-95 & EXIT 106,Kenly,NC,205,3.709
5191,NORTH POINT PLAZA,"I-90 & I-94, EXIT 115",Poynette,WI,420,3.17233333
5202,Chevron #306185,US-30,Montpelier,ID,825,3.699
5203,OASIS TRAVEL CENTER,"I-10, EXIT 53",Robertsdale,AL,715,3.469
5207,JJ TRAVEL PLAZA,"I-70, EXIT 70 & US-83",Oakley,KS,525,3.61566666
5227,PILOT TRAVEL CENTERS #900,"I-95, EXIT 75",Dunn,NC,205,3.709
5230,ONE9 #496,"I-80, EXIT 265",Atalissa,IA,270,3.01566666
5232,CM EUNICE,US-190,Eunice,LA,730,3.399
5234,SINCLAIR,SR-37,Monett,MO,277,3.29066666
5236,FLYING J #875,"I-95,  EXIT 109",Elkton,MD,243,4.199
5245,CASEYS #3842,US-36 & US-283,Norton,KS,357,3.15733333
5247,EDGERTON TRAVEL PLAZA,"I-90, EXIT 160 & US-51",Edgerton,WI,420,3.199
5249,Taylor's Stateline Travel Center,US-67 & SR-278,Neelyville,MO,275,2.999
5254,TA CANDLER TRAVEL CENTER,"I-40, EXIT 37",Candler,NC,210,3.799
5255,7-ELEVEN #35788,"I-35, EXIT 215",Olathe,KS,400,3.339
5258,PT TRUCK STOP,"I-12, EXIT 42",Hammond                                 ,LA,623,3.249
5282,CASEYS #3548,US-54 & US-61,Pratt,KS,357,3.14066666
5285,TULLO TRUCK STOP,"I-95, EXIT 15E & US-1/US-9",Kearny,NJ,79,3.799
5297,ERNIES TRUCK STOP,"I-90,  EXIT 179 & I-90 BUS/SR-17",Moses Lake,WA,920,3.999
5297,ERNIES TRUCK STOP,"I-90,  EXIT 179 & I-90 BUS/SR-17",Moses Lake,WA,920,3.949
5297,ERNIES TRUCK STOP,"I-90,  EXIT 179 & I-90 BUS/SR-17",Moses Lake,WA,920,4.179
5299,Sudden Service #62,"I-65, EXIT 6 & SR-100",Franklin,KY,460,3.084
5302,ONE9 #258,"I-81, EXIT 150 & US-220 ALT & US-11",Troutville,VA,185,3.03233333
5306,PILOT TRAVEL CENTERS #11,"I-76, EXIT 232",North Lima                              ,OH,573,3.799
5309,NEWBORN TRUCK STOP,I-20 EXIT 5,Tallapoosa,GA,48,3.40733333
5310,FLYING J #576,"I-35, EXIT 69",Northfield,MN,515,3.859
5324,HY-MILER #2245,SR-53,Fremont,OH,550,3.38233333
5341,KWIK STAR #1160,"US-75, EXIT 118 & SR-3",Le Mars,IA,408,3.299
5349,JET FOOD STORE #17,US-1/SR=4/SR-540 & US-220/SR-47,Wrens,GA,135,3.41566666
5363,SPEEDWAY #6767,"I-75, EXIT 20",Manheim,PA,70,4.499
5389,FLYING J TRAVEL PLAZA #744,"I-15, EXIT 343",Ogden,UT,835,3.749
5391,PWI #605,"I-10, EXIT 378",San Simon,AZ,640,2.959
5399,FLYING J TRAVEL PLAZA #750,"I-81 & I-77, EXIT 80",Max Meadows,VA,185,3.549
5407,CASEYS #4535,US 81,Concordia                               ,KS,570,2.91233333
5414,One9 #1216,"I-10 ,EXIT 200 & SR-84",Eloy,AZ,930,3.199
5414,Pride Travel Center dba One9 #1216,"I-10 ,EXIT 200 & SR-84",Eloy,AZ,930,3.199
5419,USA TRAVEL CENTER,"I-40, EXIT 48 & US-93",Kingman,AZ,910,3.399
5422,K AND H TRUCK PLAZA,"I-57, EXIT 283 & US-24",Gilman,IL,290,3.159
5422,K AND H TRUCK PLAZA,"I-57, EXIT 283 & US-24",Gilman,IL,290,3.099
5424,WK TRUCK STOP,"US-231 & SR-9001, EXIT 75",Beaver Dam,KY,340,3.399
5435,MEADE AUTO AND TRUCK PLAZA,US-54,Meade                                   ,KS,525,3.799
5436,PARKWAY MARATHON,"US-79, EXIT 94",Caneyville,KY,415,3.73233333
5446,PETRO STOPPING CENTER #308,"I-20, EXIT 8 & SR-526",Shreveport,LA,745,3.17566666
5462,BOOZER KWIK STOP,"I-15, EXIT 118",Idaho Falls                             ,ID,825,3.44733333
5464,PILOT TRAVEL CENTERS #48,"I-65, EXIT 86",Glendale,KY,415,3.609
5474,One9 #88,"I-95/SR-9, EXIT 201 & SR-520",Cocoa,FL,143,3.37566666
5477,CHEVRON #383766,"I-5, EXIT 216",Halsey,OR,935,3.099
5479,PILOT TRAVEL CENTERS #94,"I-75, EXIT 161",Punta Gorda,FL,225,3.799
5479,PILOT TRAVEL CENTER #94,"I-75, EXIT 161",Punta Gorda,FL,225,3.799
5491,49ER FUEL CENTER,"I-75, EXIT 49",East Bernstadt                          ,KY,410,2.999
5492,BFS FOODS #68,"I-70, EXIT 3",Hancock                                 ,MD,22,4.129
5522,ONE9 #301,"I-55,  EXIT 40",Marston,MO,275,3.109
5523,TA LIMON TRAVEL CENTER,"I-70, EXIT 359 & US-24",Limon,CO,800,3.92066666
5529,FLYING J #549,"I-77, EXIT 100 & 101",Mount Airy,NC,65,3.599
5537,HUCKS TRAVEL CENTER #51 DBA FLYING J #889,"I-57/I-64, EXIT 95 & SR-15",Mount Vernon,IL,574,3.459
5537,HUCKS TRAVEL CENTER #51 dba FLYING J #889,"I-57/I-64, EXIT 95 & SR-15",Mount Vernon,IL,574,3.499
5537,HUCKS TRAVEL CENTER #51 DBA FLYING J #889,"I-57/I-64, EXIT 95 & SR-15",Mount Vernon,IL,574,3.359
5537,HUCKS TRAVEL CENTER #51 DBA FLYING J #889,"I-57/I-64, EXIT 95 & SR-15",Mount Vernon,IL,574,3.599
5537,HUCKS TRAVEL CENTER #51 dba FLYING J #889,"I-57/I-64, EXIT 95 & SR-15",Mount Vernon,IL,574,3.399
5554,Southfork TRUCK STOP,"I-30, EXIT 63 & SR-53",Gurdon,AR,635,3.459
5560,MIDWAY TRAVEL PLAZA,I-70 EXIT 121 & US-40,Columbia,MO,310,3.539
5569,TA EXPRESS NORWOOD #0450,US-60,Norwood,MO,535,3.449
5570,PETRO STOPPING CENTER #310,"I-12, EXIT 40 & US-51 BUS",Hammond,LA,725,3.249
5579,SAPP BROS TRAVEL CENTER,US-30,Columbus,NE,486,3.219
5592,TA COLUMBIA NORTH,"I-20, EXIT 71 & US-21",Columbia,SC,46,3.439
5597,CM LAKE CHARLES FUEL STOP 36,"I-10, EXIT 36 & SR-397",Lake Charles,LA,690,3.299
5601,BP,"I-24, EXIT 16",Paducah,KY,490,3.429
5603,TA NORTH CANTON TRAVEL CENTER,"I-77, EXIT 111",North Canton,OH,249,3.624
5606,FLYING J #511,"I-94, EXIT 147",Mandan,ND,273,3.95233333
5607,RICE MART,"I-45 & FM 1603, EXIT 238",Rice,TX,630,3.019
5608,SHOP A LOTT  #3,US-84 & US-171,Mansfield                               ,LA,766,3.13566666
5613,CHEVRON #381108,"I-82, EXIT 36",Yakima,WA,925,3.999
5618,MCCLURE OIL #52,"I-65/US-52, EXIT 140 & SR-32",Lebanon                                 ,IN,375,3.584
5649,Fast Stop,"I-10, EXIT 182 & SR-22",Sorrento                                ,LA,623,3.699
5651,LOVES TRAVEL STOP #303,"I-64, EXIT 43 & SR-395",Waddy,KY,415,3.749
5659,TEX-BEST #526,US-59 & US-281,George West,TX,625,3.299
5660,Pride Convenience Store,"I-90, EXIT 51 & I-291",Chicopee,MA,100,3.509
5661,TA Express #287,"I-40, EXIT 288 & SR-111",Cookeville,TN,460,3.299
5667,PILOT TRAVEL CENTERS #393,"I-40, EXIT 24 & SR-209",Waynesville                             ,NC,210,3.759
5669,KWIK TRIP #497,I-90 EXIT 266 & CR-12,Dakota,MN,515,3.474
5670,TA MOUNT VERNON TRAVEL CENTER,"I-57 & I-64, EXIT 95",Mount Vernon,IL,574,3.449
5670,TA MOUNT VERNON TRAVEL CENTER,"I-57 & I-64, EXIT 95",Mount Vernon,IL,574,3.499
5670,TA MOUNT VERNON TRAVEL CENTER,"I-57 & I-64, EXIT 95",Mount Vernon,IL,574,3.539
5674,TA MADISON TRAVEL CENTER,"I-20, EXIT 114 & US-441",Madison,GA,16,3.89066666
5677,YESWAY #1178,CR-13,Kadoka,SD,506,3.189
5691,Pilot Travel Center #666,"I-94, EXIT 30",Benton Harbor,MI,465,3.059
5700,BEACON & BRIDGE #18,US-131 BUS,Big Rapids,MI,456,3.559
5700,BEACON & BRIDGE #18,US-131 BUS,Big Rapids,MI,456,3.319
5700,BEACON & BRIDGE #18,US-131 BUS,Big Rapids,MI,456,3.339
5718,TOOT N TOTUM #104,US-287,Dalhart,TX,585,3.199
5721,TA BALTIMORE SOUTH TRAVEL CENTER,"I-95, EXIT 41A & SR-175 & US-1",Jessup,MD,22,4.599
5729,MENOMONIE FARMERS UNION,"I-94, EXIT 45 & CR-B",Menomonie,WI,295,3.649
5730,SCOTTS QUICK STOP,SR-53 & SR-46,Marlette,MI,342,3.399
5739,PILOT TRAVEL CENTERS #284,"I-75, EXIT 18",Monroe                                  ,MI,325,3.399
5739,PILOT TRAVEL CENTERS #284,"I-75, EXIT 18",Monroe                                  ,MI,325,3.299
5739,PILOT TRAVEL CENTERS #284,"I-75, EXIT 18",Monroe                                  ,MI,325,3.559
5739,PILOT TRAVEL CENTERS #284,"I-75, EXIT 18",Monroe                                  ,MI,325,3.249
5739,PILOT TRAVEL CENTERS #284,"I-75, EXIT 18",Monroe                                  ,MI,325,3.439
5751,TA LAKE PARK TRAVEL CENTER,"I-75,  EXIT 2",Lake Park,GA,20,3.31566666
5754,ROAD TRIP OASIS PERRY,"I-69, EXIT 105 & SR-52",Perry,MI,406,3.799
5754,ROAD TRIP OASIS PERRY,"I-69, EXIT 105 & SR-52",Perry,MI,406,3.699
5758,SPEEDY Q MARKET #8206,"I-94, EXIT 274",Port Huron                              ,MI,325,3.899
5770,Kwik Trip # 1281,"I-43, EXIT 107",Belgium                                 ,WI,444,3.25566666
5771,DUNES AUTO TRUCK PLAZA,"I-94, EXIT 12",Sawyer,MI,465,3.499
5771,DUNES AUTO TRUCK PLAZA,"I-94, EXIT 12",Sawyer,MI,465,3.599
5774,PJ TRAVEL PLAZA,"I-80, EXIT 192 & SR-880",Loganton,PA,138,3.479
5780,BILLS TRUCKSTOP,"I-85, EXIT 86                 ",Linwood                                 ,NC,65,3.449
5799,STAPLES OIL,"I-90, EXIT 146",Alden,MN,425,3.299
5801,TA WYTHEVILLE TRAVEL CENTER,"I-81, EXIT 72 & I-77, EXIT 41",Wytheville,VA,185,3.519
5821,TA PORTLAND TRAVEL CENTER,"I-5,  EXIT 278",Aurora,OR,935,4.03233333
5823,ENMARKET #863,"I-95, EXIT 8 & SR-88",Hardeeville,SC,195,3.08233333
5830,115 TRUCKSTOP #5001,"I-94, EXIT 115",Marshall,MI,431,3.429
5830,115 TRUCKSTOP #5001,"I-94, EXIT 115",Marshall,MI,431,3.499
5830,115 TRUCKSTOP #5001,"I-94, EXIT 115",Marshall,MI,431,3.589
5842,PETRO STOPPING CENTER #6367,"I-57,  EXIT 335",Monee,IL,290,3.459
5842,PETRO STOPPING CENTER #6367,"I-57,  EXIT 335",Monee,IL,290,3.499
5842,PETRO STOPPING CENTER #6367,"I-57,  EXIT 335",Monee,IL,290,3.399
5860,SPEEDWAY #4610,"I-35, EXIT 59 & SR-21",Faribault,MN,448,3.759
5873,SOUTHERN VALLEY COOP,ST 14 BYPASS,Mankato                                 ,MN,425,3.499
5901,ROTHSAY TRUCK STOP,"I-94, EXIT 38",Rothsay,MN,341,3.209
5903,Circle K #2746447,I-94/US-52 EXIT 127 & US-71/SR-28,Sauk Centre,MN,250,3.189
5907,SPEEDWAY #4035,CR-101,Shakopee,MN,448,3.599
5909,SINCLAIR,"I-90, EXIT 233",Saint Charles,MN,515,3.529
5927,HARRISONBURG TRAVEL CENTER,"I-81,  EXIT 243 & US-11",Harrisonburg,VA,185,2.899
5935,WESTHAMPTON VALERO,I-295 EXIT 47A,Mount Holly                             ,NJ,160,3.329
5942,EXPRESS MART TRUCK STOP,"I-55, EXIT 185 & US-67/US-61",Barnhart,MO,540,2.99733333
5944,LAKE MILLS TRAVEL PLAZA,"I-94, EXIT 259 & SR- 89/CR-G",Lake Mills,WI,420,3.36066666
5946,PILOT TRAVEL CENTERS #918,I-90 EXIT 55,Rapid City,SD,506,3.999
5949,EXXON,US-59 & LOOP 151,Texarkana                               ,TX,723,3.16566666
5951,ROAD RANGER #157,I-64 EXIT 41,Okawville,IL,540,3.799
5963,OZONA ONE STOP,"I-10, EXIT 372",Ozona                                   ,TX,710,2.98233333
5965,TRUCK TOWNE,I-29 EXIT 47 & SR-46,Beresford                               ,SD,572,3.159
5971,WACO TRAVEL CENTER,SR-19,Perry,FL,20,3.699
5979,TA LAFAYETTE TRAVEL CENTER,"I-10 & SR-182, EXIT 101",Lafayette,LA,600,3.134
5980,THRIFT MART TRUCK PLAZA,"I-85/US-460, EXIT 63A & US-1/US-460 BUS",Petersburg,VA,180,3.199
5990,360 TRUCK STOP,US-360,Amelia Court House,VA,180,3.599
5996,Fast Stop Travel Centers #1134,"I-80/US-30, EXIT 99 & US-191/SR-373",Rock Springs,WY,827,3.499
5999,PILOT TRAVEL STOP #492,"I-30, EXIT 78 & SR-7",Arkadelphia,AR,635,3.559
5999,PILOT TRAVEL CENTER #492,"I-30, EXIT 78 & SR-7",Arkadelphia,AR,635,3.499
6001,ALLSUPS #2392,US-70 & US-285,Roswell,NM,700,3.199
6009,CASEYS #2652,US-65 & US-36,Chillicothe,MO,400,3.289
6010,SEGOVIA TRUCK STOP,"I-10, EXIT 465",Junction,TX,739,2.999
6018,TA BLOOMINGTON TRAVEL CENTER,"I-55, I-74 & I-39 , EXIT 160",Bloomington,IL,280,3.619
6018,TA BLOOMINGTON TRAVEL CENTER,"I-55, I-74 & I-39 , EXIT 160",Bloomington,IL,280,3.649
6018,TA BLOOMINGTON TRAVEL CENTER,"I-55, I-74 & I-39 , EXIT 160",Bloomington,IL,280,3.599
6018,TA BLOOMINGTON TRAVEL CENTER,"I-55, I-74 & I-39 , EXIT 160",Bloomington,IL,280,3.449
6018,TA BLOOMINGTON TRAVEL CENTER,"I-55, I-74 & I-39 , EXIT 160",Bloomington,IL,280,3.539
6033,EMERY'S,US-54,Deerfield,MO,277,3.349
6037,CRYSTAL OIL,"I-129/US-20/US-75,  EXIT 2",South Sioux City,NE,527,3.549
6041,COCKERHAM FUEL CENTER #4,"I-77, EXIT 14 & US-58/US-221",Hillsville,VA,185,3.28233333
6047,FAST LANE #26,US-61,Eolia,MO,494,3.099
6051,CIRCLE K #2709846,"I-25, EXIT 240",Longmont,CO,800,3.05733333
6057,PILOT TRAVEL CENTER #903,"I-70/US-40, EXIT 252",Salina,KS,523,3.759
6057,PILOT TRAVEL CENTERS #903,"I-70/US-40, EXIT 252",Salina,KS,523,3.779
6058,MOTOR INN AUTO TRUCK STOP,I-75 EXIT 110,Mendon,OH,370,3.199
6068,AYERCO #24,US-61 & CR MM,Hannibal,MO,494,3.099
6082,Palmetto Truck Plaza,US-27/SR-25 & SR-826,Hialeah,FL,95,3.399
6083,BP,"I-35, EXIT 33",Holt                                    ,MO,400,3.049
6087,BREAK TIME #3173,US-54 & CR-HH,Fulton,MO,310,3.299
6093,ONE9 #901,"I-80 & US-183, EXIT 257",Elm Creek,NE,330,2.96566666
6096,Waverly Travel Center,US-23,Waverly                                 ,OH,315,3.41566666
6097,SAPP BROS TRAVEL CENTER,"I-80, EXIT 263",Elm Creek,NE,330,3.18733333
6106,TA HUNTINGTON,"I-84, EXIT 353",Huntington,OR,982,3.639
6111,HAWGS EXXON,US-167/SR-25,Batesville                              ,AR,418,3.359
6150,CIRCLE K #2723707,"I-81,  EXIT 150",Troutville,VA,65,3.06566666
6154,TA MOBILE TRAVEL CENTER,"I-10,  EXIT 4",Grand Bay,AL,715,3.13566666
6164,PILOT TRAVEL CENTER #268,"I-80/US-6, EXIT 284",Walcott,IA,270,3.859
6164,PILOT TRAVEL CENTERS #268,"I-80/US-6, EXIT 284",Walcott,IA,270,3.88566666
6165,TEMP STOP #117,I-70 & GRAIN VALLEY RD EXIT 24,Grain Valley,MO,400,2.959
6167,PILOT TRAVEL CENTERS #167,US-71,Nevada,MO,277,3.49566666
6172,SPEEDWAY #2319,"I-96, EXIT 77",Portland,MI,431,3.699
6172,SPEEDWAY #2319,"I-96, EXIT 77",Portland,MI,431,3.549
6173,PILOT TRAVEL CENTERS #21,"I-94, EXIT 167",Dexter,MI,325,3.659
6173,PILOT TRAVEL CENTERS #21,"I-94, EXIT 167",Dexter,MI,325,3.599
6173,PILOT TRAVEL CENTERS #21,"I-94, EXIT 167",Dexter,MI,325,3.579
6173,PILOT TRAVEL CENTERS #21,"I-94, EXIT 167",Dexter,MI,325,3.649
6175,ONVO TRAVEL PLAZA - MIFFLINTOWN,US-322/US-22 & SR-35,Mifflintown,PA,138,3.479
6179,HENDERSON TRAVEL PLAZA,"I-10, EXIT 115 & SR-347",Breaux Bridge                           ,LA,690,3.38566666
6180,Circle #4703923,"I-24, EXIT 180B & US-27",Chattanooga,TN,285,2.78566666
6182,Exxon,"I-20, EXIT 205 & SR-46",Heflin,AL,587,3.01566666
6188,SIGNAL FOOD STORE #112,US-65 & SR-J,Ozark,MO,535,2.999
6198,DAVIS TRAVEL CENTER #102,"I-95/US-301, EXIT 33 & SR-602",Stony Creek,VA,180,3.06566666
6200,KWIK FILL #388,"I-80, EXIT 29 & SR-8",Harrisville,PA,165,3.404
6206,PETRO PORTAGE,"I-90 & I-94, EXIT 108-A",Portage,WI,420,3.80733333
6212,MR FUEL,"I-55, EXIT 180",Pevely,MO,540,3.01566666
6214,PIONEER Travel Plaza,"I-41, EXIT 60 & SR-145",Richfield,WI,444,3.21566666
6215,FUEL HUB,"I-87, EXIT 21B",West Coxsackie,NY,12,3.599
6218,LOVES TRAVEL STOP #215,"I-40, EXIT 16 & US-40 BUS/US-66",Gallup,NM,580,3.43733333
6219,SCHATZ CROSSROADS,US-2 /US-52,Minot,ND,452,3.549
6221,LOVES TRAVEL STOP #214,I-10 EXIT 37,El Paso,TX,640,3.07566666
6222,QUIKTRIP #236,"I-29/US-71, EXIT 18 & SR-92",Platte City,MO,400,2.999
6227,MARLOWS FUEL CENTER,"I-20, EXIT 479",Dallas                                  ,TX,630,3.24066666
6229,FUEL MART #764,"I-70, EXIT 66 & SR- 54",South Vienna                            ,OH,315,3.129
6232,OASIS TRUCK STOP,"I-44 & SR-133, MM 145",Richland,MO,416,3.324
6242,TA FORISTELL TRAVEL CENTER,"I-70, EXIT 203",Foristell,MO,540,3.019
6243,GARDEN INN TRAVEL PLAZA,US-60/US-63,Cabool,MO,535,3.299
6251,BREAUX BRIDGE VALERO #1408,"I-10 & SR-347, EXIT 115",Breaux Bridge,LA,730,3.499
6252,PILOT TRAVEL CENTERS #12,I-80 & I-90 EXIT 71,Perrysburg,OH,550,3.759
6258,CASEYS #6342,"I-29, EXIT 144 & US-169",Saint Joseph,MO,400,3.169
6271,TA DENTON TRAVEL CENTER,"I-35, EXIT 471 & US-77",Denton,TX,630,3.254
6275,TA SEATTLE EAST TRAVEL CENTER,"I-90, EXIT 34",North Bend,WA,962,3.959
6275,TA SEATTLE EAST TRAVEL CENTER,"I-90, EXIT 34",North Bend,WA,962,3.899
6275,TA SEATTLE EAST TRAVEL CENTER,"I-90, EXIT 34",North Bend,WA,962,3.859
6284,7-ELEVEN #40513,I-90/80-IN TOLL RD MM 22W,Portage,IN,365,3.999
6286,APPLE MARKET #526,"I-64, EXIT 94",Winchester,KY,410,2.91566666
6290,FUEL KING NAPOLEON TRAVEL CENTER,"US-6/US-24/SR/CR-3, EXIT 41",Napoleon,OH,550,3.439
6293,PETRO STOPPING CENTER #313,"I-40, EXIT 79",Milan,NM,580,3.57066666
6296,GRAY TRUCK STOP,US-71/US-136,Maryville,MO,400,3.26566666
6299,HWY 34 TRUCKSTOP,"US-34, EXIT 258",West Burlington                         ,IA,345,3.374
6305,I-95 Fuel Stop,"I-95, EXIT 126 & US-17/US-1",Fredericksburg,VA,180,3.264
6307,QUIKTRIP #608,"I-70, MID RIVERS MALL",Saint Peters,MO,540,2.904
6308,Pilot Travel Centers #354,"I-64, EXIT 28",Simpsonville,KY,415,3.759
6309,WINNERS CIRCLE #1,"I-30 & US-270, EXIT 98A",Malvern,AR,695,3.35233333
6310,CIRCLE K #2707515,US-27/SR-25 & US-98/US-700/SR-700/SR-66,Sebring,FL,140,3.389
6315,AYERCO #25,US-24,Taylor,MO,494,3.01566666
6318,Chisholm Corner #15,"I-35, EXIT 72 & US-19",Pauls Valley                            ,OK,569,3.38733333
6326,KANZA TRAVEL PLAZA,"I-35, EXIT 231 AND US-177",Braman,OK,500,3.02733333
6327,PETRO STOPPING CENTER #312,"I-40 & I-75, EXIT 369",Knoxville,TN,405,3.42566666
6330,TA EDINBURG TRAVEL CENTER,I-69C/US-281 & FM-2812,Edinburg,TX,639,3.01066666
6334,231 PLAZA AND TRUCK STOP,US-231/SR-75 & SR-20,Youngstown,FL,20,3.494
6341,TA RAWLINS TRAVEL CENTER,"I-80, EXIT 214",Rawlins,WY,795,3.72233333
6346,SPEEDWAY #4710,US-71/SR-60,Windom,MN,425,3.299
6351,FLYING J TRAVEL PLAZA #608,"I-10, EXIT 1",Ehrenberg,AZ,930,3.959
6356,CIRCLE K #2721536,ST 6 EAST,Batesville,MS,435,3.24066666
6370,TA ROCKWALL TRAVEL CENTER,"I-30/US-67, EXIT 68 & SR-205",Rockwall,TX,630,3.13733333
6374,TA ELGIN WEST TRAVEL CENTER,I-90 &  US-20,Hampshire,IL,290,3.459
6374,TA ELGIN WEST TRAVEL CENTER,I-90 &  US-20,Hampshire,IL,290,3.539
6374,TA ELGIN WEST TRAVEL CENTER,I-90 &  US-20,Hampshire,IL,290,3.599
6374,TA ELGIN WEST TRAVEL CENTER,I-90 &  US-20,Hampshire,IL,290,3.499
6374,TA ELGIN WEST TRAVEL CENTER,I-90 &  US-20,Hampshire,IL,290,3.469
6387,FLYING J FRANCHISE #966,"I-80, EXIT 229",Battle Mountain,NV,966,3.79233333
6391,TOOT N TOTUM #106,US-287,Dumas,TX,585,3.00566666
6393,PILOT TRAVEL CENTER #478,"I-64, EXIT 92",Leavenworth                             ,IN,415,3.959
6393,PILOT TRAVEL CENTERS #478,"I-64, EXIT 92",Leavenworth                             ,IN,415,3.959
6401,CIRCLE K #2723457,"I-10, EXIT 34-B",Gulfport,MS,715,2.989
6434,AMPRIDE ALL ROUND TRUCK STOP,US-20,Fort Dodge,IA,343,3.299
6441,GRAND OIL,"I-75, EXIT 41 & SR-80",London                                  ,KY,410,3.499
6442,CLARK OIL #49,US-84,Laurel,MS,620,2.999
6448,CIRCLE K #2723392,"I-59, EXIT 97 & US-84",Laurel,MS,620,2.95233333
6462,ARCO #471770,US-281 & SR-5,Dunseith,ND,452,3.499
6468,TA SAYRE TRAVEL CENTER,"I-40 & CEMETARY RD, EXIT 26",Sayre,OK,483,3.064
6480,FLYING J #934,"I-84, EXIT 265",La Grande,OR,982,3.53566666
6492,FLICKS,US-49,Richland,MS,760,2.999
6496,SPEEDY EXPRESS #38,"I-35, EXIT 305",Mathis,TX,625,3.199
6502,SQUAW CREEK TRAVEL PLAZA,"I-29, EXIT 79 & US-159",Forest City,MO,400,3.339
6517,HARDYS #5,"I-80, EXIT 4   4",Wendover,UT,835,3.499
6518,TOWN PUMP FOOD STORE #310,"I-15, EXIT 164",Boulder,MT,816,3.559
6526,TULIP CITY TRUCK STOP,"I-196 & SR-40, EXIT 49",Holland,MI,344,3.739
6527,ZIP TRIP #50,"I-90, EXIT 426",Park City,MT,780,3.584
6547,FLYING J TRAVEL PLAZA #762,"I-90, EXIT 126 & SR-59",Gillette,WY,836,3.899
6562,PILOT #1323,"I-29, EXIT 35                 ",Faucett                                 ,MO,400,3.27233333
6563,Road Ranger #282,"I-35, EXIT 500",Gainesville,TX,630,3.17566666
6564,FLYING J FRANCHISE #970,US-395,Pasco                                   ,WA,925,4.599
6565,TA Greeneville Travel Center,"I-81,  EXIT 36",Greeneville,TN,405,3.55233333
6567,YELLOWSTONE TRUCK SHOP,"I-90, EXIT 330",Livingston,MT,786,3.649
6577,AC & T TRAVEL CENTER,"I-81, EXIT 5 W",Hagerstown,MD,70,3.659
6578,PILOT TRAVEL CENTER #909- TOWN PUMP,"I-15 & US-2, EXIT 363",Shelby                                  ,MT,815,3.63566666
6588,TOWN PUMP FOOD STORE #4300,"I-90, EXIT 249",Whitehall,MT,786,3.659
6593,LITTLE AMERICA TRAVEL CENTER,"I-40, EXIT 198",Flagstaff,AZ,930,3.539
6607,TRANSIT TRUCK STOP,"I-97, EXIT 10",Millersville,MD,22,3.46566666
6608,7-ELEVEN #35560,SR-16,Charlotte,NC,46,3.999
6628,FLYING J TRAVEL PLAZA #682,"I-85, EXIT 150",Haw River,NC,65,3.94233333
6632,TA SAVANNAH TRAVEL CENTER,"I-95/SR-405,  EXIT 87 & US-17/SR-25",Richmond Hill,GA,195,3.35066666
6633,BAKER TRUCK CORRAL,"I-84, EXIT 304",Baker City,OR,982,3.42566666
6640,PETRO STOPPING CENTER JOHNSTOWN,"I-25, EXIT 254",Johnstown                               ,CO,800,3.42733333
6642,TA VERO BEACH TRAVEL CENTER #197,"I-95/SR-9, EXIT 147 & SR-60",Vero Beach,FL,95,3.484
6646,FAMILY EXPRESS #35 (DISCOUNT AVAILABLE),"I-65, EXIT 215 & SR-114",Rensselaer                              ,IN,365,3.13233333
6655,BP DBA TA ELKTON TRAVEL CENTER,"I-95,  EXIT 109B",Elkton,MD,150,4.969
6659,GURNEE TRUCK STOP,US-41,Gurnee                                  ,IL,290,3.289
6659,GURNEE TRUCK STOP,US-41,Gurnee                                  ,IL,290,3.379
6661,TA FRANKLIN TRAVEL CENTER,"I-65, EXIT 61",Franklin,TN,460,3.839
6663,TA of Mocksville,"I-40, EXIT 170 & US-601",Mocksville,NC,46,3.699
6677,ROADWAY TRAVEL CENTER,"I-29, EXIT 73",Sioux Falls                             ,SD,530,3.199
6693,SAPP BROS TRAVEL CENTER,US-77,Fremont,NE,486,3.34566666
6701,JACKS TRUCK STOP,"I-65, EXIT 304 & SR-69",Cullman,AL,615,3.999
6704,FL Roberts,"I-91, EXIT 24",Whately,MA,100,3.559
6716,MARATHON,"I-29/US-81, EXIT 65 & I-94 BUS/US-10",Fargo,ND,341,3.449
6721,STAMART 1222,"I-29, EXIT 64",Fargo,ND,341,3.38566666
6725,TA EXPRESS GRAND FORKS #948,"I-29, EXIT 141 & US-2",Grand Forks,ND,355,3.539
6734,TOMAHAWK TRUCK STOP,"I-25, EXIT 128",Fountain,CO,803,3.299
6736,EAGLEVILLE TRAVEL CENTER,"I-35 & ROUTE N, EXIT 106",Eagleville,MO,320,2.93566666
6742,Holiday #3810,"I-94/US-52, EXIT 178 & SR-24",Clearwater,MN,453,3.22066666
6744,FLYING J #550,US-2/US-52,Minot,ND,273,3.93566666
6745,TIGER TRUCK STOP,"I-10, EXIT 139",Grosse Tete,LA,600,3.059
6755,PETRO STOPPING CENTER #326,"I-40, EXIT 161 & SR-391",North Little Rock,AR,695,3.20733333
6760,BETTY BEAVERS TRUCKSTOP,"I-87, EXIT 32",Lewis,NY,12,3.719
6760,BETTY BEAVERS TRUCKSTOP,"I-87, EXIT 32",Lewis,NY,12,3.619
6765,CIRCLE C TRAVEL PLAZA,"I-95, EXIT 68 & SR-61",Walterboro,SC,195,3.079
6806,Onvo Travel Plaza,"I-78/US-22, EXIT 45 & SR-863",Kutztown,PA,90,3.32733333
6810,TA RICHMOND,"I-95, EXIT 89 & SR-802",Ashland,VA,180,3.60566666
6811,PUMP & PANTRY #24,US-6/CR-74,Hastings,NE,330,3.399
6823,PETRO STOPPING CENTER #301,"I-10, EXIT 37",El Paso,TX,640,3.124
6840,PETRO DEMING,"I-10, EXIT 68",Deming,NM,640,3.38566666
6842,FLYNNS TRUCK PLAZA,"US-20, EXIT 11 & SR-140",Shrewsbury,MA,175,3.61566666
6845,NEBRASKALAND TIRE SHOP,"I-80, EXIT 237 & US-283",Lexington,NE,330,2.999